FARMCODE;CYCLE;WEEK;S_Respiratory;S.Diarrhoea;S.CNS;S.Malaise;S.Leglesions;S.Suddendeath
75-001;1;1;0;0;0;0;0;1
75-001;1;2;0;0;0;0;0;0
75-001;1;3;0;0;0;0;0;1
75-001;1;4;0;0;0;0;0;0
75-001;1;5;0;0;0;0;0;0
75-001;1;6;0;0;0;0;0;1
75-001;1;7;0;0;0;0;0;0
75-001;1;8;0;0;0;0;0;1
75-001;1;9;0;0;0;0;0;0
75-001;1;10;0;0;0;0;0;0
75-001;1;11;0;0;0;0;0;0
75-001;1;12;0;0;0;0;0;0
75-001;1;13;0;0;0;0;0;0
75-001;1;14;0;0;0;0;0;0
75-001;1;15;0;0;0;0;0;0
75-001;1;16;0;0;0;0;0;0
75-001;1;17;0;0;0;0;0;0
75-001;1;18;0;0;0;0;0;0
75-001;1;19;0;0;0;0;0;0
75-001;1;20;0;0;0;0;0;0
75-001;1;21;0;0;0;0;0;0
75-001;1;22;0;0;0;0;0;0
75-001;1;23;0;0;0;0;0;0
75-001;1;24;0;0;0;0;0;0
75-001;1;25;0;0;0;0;0;0
75-001;1;26;0;0;0;0;0;0
75-001;1;27;0;0;0;0;0;0
75-001;2;1;0;0;0;0;0;0
75-001;2;2;0;0;0;0;0;0
75-001;2;3;0;0;0;0;0;0
75-001;2;4;0;0;0;0;0;0
75-001;2;5;0;0;0;0;0;0
75-001;2;6;0;0;0;0;0;0
75-001;2;7;0;0;0;0;0;0
75-001;2;8;0;0;0;0;0;0
75-001;2;9;0;0;0;0;0;0
75-001;2;10;0;0;0;0;0;0
75-001;2;11;0;0;0;0;0;0
75-001;2;12;0;0;0;0;0;0
75-001;2;13;0;0;0;0;0;0
75-001;2;14;0;0;0;0;0;0
75-001;2;15;0;0;0;0;0;0
75-001;2;16;0;0;0;0;0;0
75-001;2;17;0;0;0;0;0;0
75-001;2;18;0;0;0;0;0;0
75-001;2;19;0;0;0;0;0;0
75-001;2;20;0;0;0;0;0;0
75-001;2;21;0;0;0;0;0;0
75-001;2;22;0;0;0;0;0;0
75-001;2;23;0;0;0;0;0;0
75-001;2;24;0;0;0;0;0;0
75-002;1;1;0;0;0;1;0;0
75-002;1;2;0;0;0;0;1;0
75-002;1;3;0;0;0;1;0;0
75-002;1;4;0;0;0;0;0;1
75-002;1;5;0;0;0;1;0;0
75-002;1;6;0;0;0;0;0;1
75-002;1;7;0;0;0;0;0;0
75-002;1;8;0;0;0;0;0;0
75-002;1;9;0;0;0;0;0;0
75-002;1;10;0;0;0;0;0;0
75-002;1;11;0;0;0;0;0;0
75-002;1;12;0;0;0;0;0;0
75-002;1;13;0;0;0;0;0;0
75-002;1;14;0;0;0;0;0;0
75-002;1;15;0;0;0;0;0;0
75-002;1;16;0;0;0;0;0;0
75-002;1;17;0;0;0;0;0;0
75-002;1;18;0;0;0;0;0;0
75-002;2;1;0;0;0;0;0;1
75-002;2;2;0;0;0;0;0;0
75-002;2;3;0;0;0;0;1;0
75-002;2;4;0;0;0;1;0;0
75-002;2;5;0;0;0;0;0;0
75-002;2;6;0;0;0;0;0;0
75-002;2;7;0;0;0;0;0;0
75-002;2;8;0;0;0;0;0;0
75-002;2;9;0;0;0;0;0;0
75-002;2;10;0;0;0;0;0;0
75-002;2;11;0;0;0;0;0;0
75-002;2;12;1;0;0;1;0;0
75-002;2;13;1;0;0;0;0;0
75-002;2;14;0;0;0;0;0;0
75-002;2;15;0;0;0;0;0;0
75-002;2;16;0;0;0;0;0;0
75-002;2;17;0;0;0;0;0;0
75-002;2;18;0;0;0;0;0;0
75-002;2;19;0;0;0;0;0;0
75-002;2;20;0;0;0;0;0;0
75-002;2;21;0;0;0;0;0;0
75-002;2;22;0;0;0;0;0;0
75-003;1;1;0;0;0;0;0;0
75-003;1;2;0;0;0;0;0;0
75-003;1;3;0;0;0;0;0;0
75-003;1;4;0;0;0;0;0;0
75-003;1;5;0;0;0;0;0;0
75-003;1;6;0;0;0;1;0;0
75-003;1;7;0;0;0;1;0;0
75-003;1;8;0;1;0;1;0;0
75-003;1;9;0;1;0;1;0;0
75-003;1;10;0;1;0;1;0;0
75-003;1;11;0;1;0;1;0;0
75-003;1;12;0;1;0;1;0;0
75-003;1;13;0;1;0;1;0;0
75-003;1;14;0;1;0;1;0;0
75-004;1;1;0;0;0;0;0;0
75-004;1;2;0;0;0;0;0;0
75-004;1;3;0;0;0;1;0;0
75-004;1;4;1;0;0;0;0;0
75-004;1;5;0;0;0;0;0;0
75-004;1;6;0;0;0;0;0;0
75-004;1;7;1;1;0;1;0;0
75-004;1;8;1;1;0;1;0;0
75-004;1;9;1;0;0;0;0;0
75-004;1;10;1;0;0;0;0;0
75-004;1;11;0;0;0;0;0;0
75-004;1;12;0;0;0;0;0;0
75-004;1;13;0;0;0;0;0;0
75-004;1;14;0;0;0;0;0;0
75-004;1;15;0;0;0;0;0;0
75-004;1;16;0;0;0;0;0;0
75-004;1;17;0;0;0;0;0;0
75-004;1;18;0;0;0;0;0;0
75-004;2;1;0;0;0;1;0;0
75-004;2;2;0;0;0;1;0;0
75-004;2;3;0;0;0;1;0;0
75-004;2;4;0;0;0;1;1;0
75-004;2;5;1;0;0;1;1;0
75-004;2;6;1;0;0;1;0;0
75-004;2;7;1;0;0;0;0;0
75-004;2;8;0;0;0;0;0;0
75-004;2;9;0;0;1;1;0;0
75-004;2;10;1;0;0;0;0;0
75-004;2;11;1;0;0;0;0;0
75-004;2;12;1;0;0;0;0;0
75-004;2;13;1;0;0;0;0;0
75-004;2;14;1;0;0;0;0;0
75-004;2;15;1;0;0;0;0;0
75-004;2;16;0;0;0;0;0;0
75-004;2;17;0;0;0;0;0;0
75-004;2;18;0;0;0;0;0;0
75-004;2;19;0;0;0;0;0;0
75-004;2;20;0;0;0;0;0;0
75-005;1;1;0;1;0;1;0;0
75-005;1;2;0;1;0;1;0;0
75-005;1;3;0;1;0;1;0;0
75-005;1;4;0;0;0;0;0;0
75-005;1;5;0;0;0;0;0;0
75-005;1;6;0;0;0;0;0;0
75-005;1;7;0;0;0;0;1;0
75-005;1;8;0;0;0;0;0;0
75-005;1;9;0;0;0;0;0;0
75-005;1;10;0;0;0;0;0;0
75-005;1;11;0;1;0;0;0;0
75-005;1;12;0;0;0;0;0;0
75-005;1;13;0;0;0;0;0;0
75-005;1;14;0;0;0;0;0;0
75-005;1;15;0;0;0;0;0;0
75-005;1;16;0;0;0;0;0;0
75-005;1;17;0;0;0;0;0;0
75-005;1;18;0;0;0;0;0;0
75-005;1;19;0;0;0;0;0;0
75-005;2;1;0;0;0;1;0;0
75-005;2;2;0;0;0;1;0;0
75-005;2;3;0;0;0;0;0;0
75-005;2;4;0;0;0;0;0;0
75-005;2;5;0;0;0;0;0;0
75-005;2;6;0;0;0;0;0;0
75-005;2;7;0;0;0;0;0;0
75-005;2;8;0;0;0;0;0;0
75-005;2;9;0;0;0;0;0;0
75-005;2;10;0;0;0;0;0;0
75-005;2;11;1;0;0;0;1;0
75-005;2;12;0;0;0;0;0;0
75-005;2;13;0;0;0;0;0;0
75-005;2;14;0;0;0;0;0;0
75-005;2;15;0;0;1;0;0;0
75-005;2;16;0;0;0;0;0;0
75-005;2;17;0;0;0;0;0;0
75-005;2;18;0;0;0;0;0;0
75-005;2;19;0;0;0;0;0;0
75-005;2;20;0;0;0;0;0;0
75-005;2;21;0;0;0;0;0;0
75-005;2;22;0;0;0;0;0;0
75-005;2;23;0;0;0;0;0;0
75-005;2;24;0;0;0;0;0;0
75-005;2;25;0;0;0;0;0;0
75-006;1;1;0;0;0;0;0;0
75-006;1;2;0;0;0;0;0;0
75-006;1;3;0;1;0;0;0;0
75-006;1;4;0;0;0;0;0;0
75-006;1;5;0;0;0;0;0;0
75-006;1;6;0;0;0;0;0;0
75-006;1;7;0;0;0;0;0;1
75-006;1;8;0;0;0;0;0;0
75-006;1;9;0;0;0;0;0;0
75-006;1;10;0;0;0;0;0;0
75-006;1;11;0;0;0;0;0;0
75-006;1;12;0;0;0;1;0;0
75-006;1;13;1;0;0;0;0;0
75-006;1;14;0;0;0;0;0;0
75-006;1;15;0;0;0;0;0;0
75-006;1;16;0;0;0;0;0;0
75-006;1;17;0;0;0;0;0;0
75-006;1;18;0;0;0;0;0;0
75-006;2;1;0;0;0;0;0;0
75-006;2;2;0;0;0;0;0;0
75-006;2;3;0;0;0;1;0;0
75-006;2;4;0;0;0;0;0;0
75-006;2;5;0;0;0;1;0;0
75-006;2;6;0;0;0;1;0;0
75-006;2;7;0;1;0;1;0;0
75-006;2;8;1;0;0;1;0;0
75-006;2;9;0;0;0;0;0;0
75-006;2;10;0;0;0;0;0;0
75-006;2;11;0;0;0;0;0;0
75-006;2;12;0;0;0;0;0;0
75-006;2;13;0;0;0;0;0;0
75-006;2;14;0;0;0;0;0;0
75-006;2;15;0;0;0;0;0;0
75-006;2;16;0;0;0;0;0;0
75-006;2;17;0;0;0;0;0;0
75-006;2;18;0;0;0;0;0;0
75-006;2;19;0;0;0;0;0;0
75-006;2;20;0;0;0;0;0;0
75-006;2;21;0;0;0;0;0;0
75-006;2;22;0;0;0;0;0;0
75-007;1;1;0;0;0;0;0;0
75-007;1;2;0;0;0;0;0;0
75-007;1;3;0;0;0;0;0;0
75-007;1;4;0;0;0;0;0;0
75-007;1;5;0;0;0;0;0;1
75-007;1;6;0;0;0;0;0;0
75-007;1;7;0;0;0;0;0;0
75-008;1;1;0;0;0;1;0;0
75-008;1;2;0;0;0;0;0;0
75-008;1;3;0;0;0;1;0;0
75-008;1;4;0;0;0;0;0;0
75-008;1;5;0;0;0;0;0;0
75-008;1;6;0;0;0;0;0;0
75-008;1;7;0;0;0;0;0;0
75-008;1;8;0;0;0;1;0;0
75-008;1;9;0;0;0;0;0;0
75-008;1;10;0;0;0;0;0;0
75-008;1;11;0;0;0;0;0;0
75-008;1;12;0;0;0;1;0;0
75-008;1;13;0;0;0;1;0;0
75-008;1;14;0;0;0;0;0;0
75-008;1;15;0;0;0;0;0;0
75-008;1;16;0;0;0;0;0;0
75-008;1;17;0;0;0;0;0;0
75-008;1;18;0;0;0;0;0;0
75-008;2;1;0;0;0;1;0;0
75-008;2;2;0;0;0;1;0;0
75-008;2;3;0;0;0;0;0;0
75-008;2;4;0;0;0;0;0;0
75-008;2;5;0;0;0;0;0;0
75-008;2;6;0;0;0;0;0;0
75-008;2;7;0;0;0;0;0;0
75-008;2;8;0;0;0;0;0;0
75-008;2;9;0;0;0;0;0;0
75-008;2;10;0;0;0;1;0;0
75-008;2;11;0;0;0;0;0;0
75-008;2;12;0;0;0;0;0;0
75-008;2;13;0;0;0;0;0;0
75-008;2;14;0;0;0;0;0;0
75-008;2;15;0;0;0;0;0;0
75-008;2;16;0;0;0;0;0;0
75-008;2;17;0;0;0;0;0;0
75-008;2;18;0;0;0;0;0;0
75-009;1;1;0;0;0;0;0;0
75-009;1;2;0;0;0;0;0;0
75-009;1;3;0;0;0;0;0;0
75-009;1;4;0;0;0;0;0;1
75-009;1;5;0;0;0;1;0;0
75-009;1;6;0;0;0;0;0;0
75-009;1;7;0;0;0;0;0;1
75-009;1;8;0;0;0;0;0;0
75-009;1;9;0;0;0;0;0;0
75-009;1;10;0;0;0;0;0;0
75-009;1;11;0;0;0;0;0;0
75-009;1;12;0;0;0;0;0;0
75-009;1;13;0;0;0;0;0;0
75-009;1;14;0;0;0;0;0;0
75-009;1;15;0;0;0;0;0;0
75-009;1;16;0;0;0;0;0;0
75-009;1;17;0;0;0;0;0;0
75-009;1;18;0;0;0;0;0;0
75-009;1;19;0;0;0;0;0;0
75-009;1;20;0;0;0;0;0;0
75-009;1;21;0;0;0;0;0;0
75-010;1;1;0;0;0;0;0;0
75-010;1;2;0;0;0;1;0;0
75-010;1;3;0;0;0;0;0;0
75-010;1;4;0;0;0;0;0;0
75-010;1;5;0;0;0;1;0;0
75-010;1;6;0;0;0;0;0;0
75-010;1;7;0;0;0;0;0;0
75-010;1;8;0;0;0;0;0;0
75-010;1;9;0;0;0;0;0;0
75-010;1;10;0;1;0;0;0;0
75-010;1;11;0;0;0;0;0;0
75-010;1;12;0;0;0;0;0;0
75-010;1;13;0;0;0;0;0;0
75-010;1;14;0;0;0;0;0;0
75-010;1;15;0;0;0;0;0;0
75-010;1;16;0;0;0;0;0;0
75-010;1;17;0;0;0;0;0;0
75-010;1;18;0;0;0;0;0;0
75-010;1;19;0;0;0;0;0;0
75-011;1;1;0;0;0;0;0;0
75-011;1;2;0;0;0;0;0;0
75-011;1;3;0;0;0;0;0;0
75-011;1;4;0;0;0;0;0;0
75-011;1;5;0;1;0;1;0;0
75-011;1;6;0;0;0;0;0;0
75-011;1;7;0;0;0;0;0;0
75-011;1;8;0;0;0;0;0;0
75-011;1;9;0;0;0;0;0;0
75-011;1;10;0;0;0;0;0;0
75-011;1;11;0;0;0;0;0;0
75-011;1;12;0;0;0;0;0;0
75-011;1;13;0;0;0;0;0;0
75-011;1;14;1;1;0;1;0;0
75-011;1;15;1;1;0;1;0;0
75-011;1;16;0;0;0;0;0;0
75-011;2;1;0;0;0;0;0;0
75-011;2;2;0;0;0;0;0;0
75-011;2;3;0;0;0;0;0;0
75-011;2;4;0;0;0;0;0;0
75-011;2;5;0;0;0;0;0;0
75-011;2;6;0;0;0;0;0;0
75-011;2;7;0;0;0;0;0;0
75-011;2;8;0;0;0;0;0;0
75-011;2;9;0;0;0;0;0;0
75-011;2;10;0;0;0;0;0;0
75-011;2;11;0;0;0;0;0;0
75-011;2;12;0;0;0;0;0;0
75-011;2;13;0;0;0;0;0;0
75-011;2;14;0;0;0;0;0;0
75-011;2;15;0;0;0;0;0;0
75-011;2;16;0;0;0;0;0;0
75-011;2;17;0;0;0;0;0;0
75-011;2;18;0;0;0;0;0;0
75-012;1;1;0;0;0;0;0;0
75-012;1;2;0;0;0;0;0;0
75-012;1;3;0;0;0;0;0;0
75-012;1;4;0;0;0;0;0;0
75-012;1;5;0;0;0;0;0;0
75-012;1;6;0;0;0;0;0;0
75-012;1;7;0;0;0;0;0;0
75-012;1;8;0;0;0;0;0;0
75-012;1;9;0;0;0;0;0;0
75-012;1;10;0;0;0;0;0;0
75-012;1;11;0;0;0;0;0;0
75-012;2;1;0;0;0;0;0;0
75-012;2;2;0;0;0;0;0;0
75-012;2;3;0;0;0;0;0;0
75-012;2;4;0;0;0;0;0;0
75-012;2;5;0;0;0;0;0;0
75-012;2;6;0;0;0;0;0;0
75-012;2;7;0;0;0;1;0;0
75-012;2;8;0;0;0;1;0;0
75-012;2;9;0;0;0;0;0;0
75-012;2;10;0;0;0;0;0;0
75-012;2;11;0;0;0;0;0;0
75-012;2;12;0;0;0;0;0;0
75-012;2;13;0;0;0;0;0;0
75-012;2;14;0;0;0;0;0;0
75-012;2;15;0;0;0;0;0;0
75-012;2;16;0;0;0;0;0;0
75-012;2;17;0;0;0;0;0;0
75-012;2;18;0;0;0;0;0;0
75-012;2;19;0;0;0;0;0;0
75-012;3;1;0;0;0;0;0;0
75-012;3;2;0;0;0;0;0;0
75-012;3;3;0;0;0;0;0;0
75-012;3;4;0;0;0;0;0;0
75-012;3;5;0;0;0;0;0;0
75-012;3;6;0;0;0;0;0;0
75-012;3;7;0;0;0;0;0;0
75-012;3;8;0;0;0;0;0;0
75-012;3;9;0;0;0;0;0;0
75-012;3;10;0;0;0;0;0;0
75-012;3;11;0;0;0;0;0;0
75-012;3;12;0;0;0;0;0;0
75-012;3;13;0;0;0;0;0;0
75-012;3;14;0;0;0;0;0;0
75-012;3;15;0;0;0;0;0;0
75-013;1;1;0;0;0;0;0;0
75-013;1;2;0;0;0;0;0;0
75-013;1;3;0;0;0;0;0;0
75-013;1;4;0;0;0;0;0;0
75-013;1;5;0;0;0;0;0;0
75-013;1;6;0;0;0;0;0;0
75-013;1;7;0;0;0;0;0;0
75-013;1;8;0;0;0;0;0;0
75-013;1;9;0;0;0;0;0;0
75-013;1;10;0;0;0;0;0;0
75-013;1;11;1;0;0;0;0;0
75-013;1;12;0;0;0;0;0;0
75-013;1;13;0;0;0;0;0;0
75-013;1;14;0;0;0;0;0;0
75-013;1;15;0;0;0;0;0;0
75-013;1;16;0;0;0;0;0;0
75-013;1;17;0;0;0;0;0;0
75-014;1;1;0;0;0;1;0;0
75-014;1;2;0;0;0;1;0;0
75-014;1;3;0;1;0;0;0;0
75-014;1;4;1;1;0;0;0;0
75-014;1;5;0;0;0;0;0;0
75-014;1;6;0;1;0;0;0;0
75-014;1;7;0;0;0;0;0;0
75-014;1;8;0;0;0;0;0;0
75-014;1;9;0;0;0;0;0;0
75-014;1;10;0;0;0;0;0;0
75-014;1;11;0;0;0;0;0;0
75-014;1;12;0;0;0;0;0;0
75-014;1;13;0;1;0;0;0;0
75-014;1;14;0;1;0;0;0;0
75-014;1;15;1;1;0;0;0;0
75-014;1;16;0;1;0;0;0;0
75-014;1;17;0;0;0;0;0;0
75-014;2;1;0;0;0;0;0;0
75-014;2;2;0;1;0;0;0;0
75-014;2;3;0;1;0;0;0;0
75-014;2;4;0;0;0;0;0;0
75-014;2;5;0;1;0;1;0;0
75-014;2;6;0;1;0;0;0;0
75-014;2;7;0;0;0;0;0;0
75-014;2;8;0;0;0;0;0;0
75-014;2;9;0;0;0;0;0;0
75-014;2;10;0;0;0;0;0;0
75-014;2;11;0;0;0;0;0;0
75-014;2;12;0;0;0;0;0;0
75-014;2;13;0;0;0;0;0;0
75-014;2;14;0;0;0;0;0;0
75-014;2;15;0;0;0;0;0;0
75-014;2;16;0;0;0;0;0;0
75-014;2;17;0;0;0;0;0;0
75-014;2;18;0;0;0;1;0;0
75-014;2;19;0;0;0;0;0;0
75-014;2;20;0;0;0;0;0;0
75-014;2;21;0;0;0;0;0;0
75-014;2;22;0;0;0;0;0;0
75-014;2;23;0;0;0;0;0;0
75-014;2;24;0;0;0;0;0;0
75-014;2;25;0;0;0;0;0;0
75-015;1;1;0;1;0;0;0;0
75-015;1;2;0;1;0;1;1;0
75-015;1;3;0;0;0;0;0;0
75-015;1;4;0;0;0;0;0;0
75-015;1;5;0;0;0;0;0;0
75-015;1;6;0;1;1;0;0;0
75-015;1;7;1;0;0;0;1;0
75-015;1;8;0;0;0;1;0;0
75-015;1;9;0;0;0;0;0;0
75-015;1;10;0;0;0;0;0;0
75-015;1;11;0;0;0;0;0;0
75-015;1;12;0;0;0;0;0;0
75-015;1;13;0;0;0;0;0;0
75-015;1;14;0;0;0;0;0;0
75-015;1;15;0;0;0;0;0;0
75-015;1;16;0;0;0;0;0;0
75-015;2;1;0;1;0;0;0;0
75-015;2;2;1;1;0;0;1;0
75-015;2;3;0;0;0;0;0;0
75-015;2;4;0;0;0;0;0;0
75-015;2;5;1;0;1;1;1;0
75-015;2;6;0;0;0;0;0;0
75-015;2;7;0;0;0;0;0;0
75-015;2;8;0;1;1;1;1;0
75-015;2;9;1;0;0;0;0;0
75-015;2;10;0;0;0;0;0;0
75-015;2;11;0;0;0;0;0;0
75-015;2;12;0;0;0;0;1;0
75-015;2;13;0;0;0;0;0;0
75-015;2;14;0;0;0;0;0;0
75-015;2;15;0;0;0;0;0;0
75-016;1;1;0;0;0;0;0;0
75-016;1;2;0;0;0;0;0;0
75-016;1;3;0;0;0;0;0;0
75-016;1;4;0;0;0;0;0;0
75-016;1;5;0;0;0;0;0;0
75-016;1;6;0;0;0;1;0;0
75-016;1;7;0;0;0;0;0;0
75-016;1;8;0;0;0;0;0;0
75-016;1;9;0;0;0;0;0;0
75-016;1;10;0;0;0;0;0;0
75-016;1;11;0;0;0;0;0;0
75-016;1;12;0;0;0;0;0;0
75-016;1;13;0;0;0;0;0;0
75-016;1;14;0;0;0;0;0;0
75-016;1;15;0;0;0;0;0;0
75-016;1;16;0;0;0;0;0;0
75-016;1;17;0;0;0;0;0;0
75-016;1;18;0;0;0;0;0;0
75-016;1;19;0;0;0;0;0;0
75-016;1;20;0;0;0;0;0;0
75-016;1;21;0;0;0;0;0;0
75-018;1;1;0;0;0;0;0;0
75-018;1;2;0;0;0;0;0;0
75-018;1;3;0;0;0;0;0;0
75-018;1;4;0;0;0;1;0;0
75-018;1;5;0;0;0;0;0;0
75-018;1;6;0;0;0;0;0;0
75-018;1;7;0;0;0;0;0;0
75-018;1;8;0;0;0;1;0;0
75-018;1;9;0;0;0;0;0;0
75-018;1;10;0;0;0;0;0;0
75-018;1;11;0;0;0;0;0;0
75-018;1;12;0;0;0;0;0;0
75-018;1;13;0;0;0;0;0;0
75-018;1;14;0;0;0;0;0;0
75-018;1;15;0;0;0;0;0;0
75-018;1;16;0;0;0;0;0;0
75-018;1;17;0;0;0;0;0;0
75-018;1;18;0;0;0;0;0;0
75-018;1;19;0;0;0;0;0;0
75-018;1;20;0;0;0;0;0;0
75-018;1;21;0;0;0;0;0;0
75-018;1;22;0;0;0;1;0;0
75-018;1;23;0;0;0;0;0;0
75-019;1;1;0;0;0;1;0;0
75-019;1;2;0;0;0;1;0;0
75-019;1;3;0;0;0;0;0;0
75-019;1;4;0;0;0;1;0;0
75-019;1;5;0;0;0;1;0;0
75-019;1;6;0;0;0;1;0;0
75-019;1;7;0;0;0;1;0;0
75-019;1;8;0;0;0;0;0;0
75-019;1;9;0;0;0;0;0;0
75-019;1;10;0;0;0;0;0;0
75-019;1;11;0;0;0;0;0;0
75-019;1;12;0;0;0;0;0;0
75-019;1;13;0;0;0;0;0;0
75-019;1;14;0;0;0;1;0;0
75-019;1;15;0;0;0;0;0;0
75-019;2;1;0;0;0;0;0;0
75-019;2;2;0;0;0;1;0;0
75-019;2;3;0;0;0;1;0;0
75-019;2;4;0;0;0;0;0;0
75-019;2;5;0;0;0;0;0;0
75-019;2;6;0;0;0;1;0;0
75-019;2;7;0;0;0;0;0;0
75-019;2;8;0;0;0;1;0;0
75-019;2;9;0;0;0;0;0;0
75-019;2;10;0;0;0;1;0;0
75-019;2;11;0;0;0;1;0;0
75-019;2;12;0;0;0;1;0;0
75-019;2;13;0;0;0;1;0;0
75-019;2;14;0;0;0;1;0;0
75-019;2;15;0;0;0;1;0;0
75-019;2;16;0;0;0;0;0;0
75-019;2;17;0;0;0;0;0;0
75-020;1;1;0;0;0;1;0;0
75-020;1;2;0;0;0;1;0;0
75-020;1;3;0;0;0;0;0;0
75-020;1;4;0;0;0;1;0;0
75-020;1;5;0;1;0;1;0;0
75-020;1;6;0;0;0;0;0;0
75-020;1;7;0;0;0;0;0;0
75-020;1;8;0;0;0;1;0;0
75-020;1;9;0;0;0;0;0;0
75-020;1;10;0;0;0;0;0;0
75-020;1;11;0;0;0;0;0;0
75-020;1;12;0;0;0;0;0;0
75-020;1;13;0;0;0;0;0;0
75-020;1;14;0;0;0;0;0;0
75-020;1;15;0;0;0;0;0;0
75-020;1;16;0;0;0;0;0;0
75-020;1;17;0;0;0;0;0;0
75-020;1;18;0;0;0;0;0;0
75-020;2;1;0;0;0;1;0;0
75-020;2;2;0;0;0;0;0;0
75-020;2;3;0;0;0;0;0;0
75-020;2;4;0;0;0;0;0;0
75-020;2;5;0;0;0;0;0;0
75-020;2;6;0;0;0;0;0;0
75-020;2;7;0;0;0;0;0;0
75-020;2;8;0;0;0;0;0;0
75-020;2;9;0;0;0;0;0;0
75-020;2;10;0;0;0;0;0;0
75-020;2;11;0;0;0;0;0;0
75-020;2;12;0;0;0;0;0;0
75-020;2;13;0;0;0;0;0;0
75-020;2;14;0;0;0;0;0;0
75-020;2;15;0;0;0;0;0;0
75-020;2;16;0;0;0;0;0;0
75-020;2;17;0;0;0;0;0;0
75-020;2;18;0;0;0;1;0;0
75-020;2;19;0;0;0;0;0;0
75-020;2;20;0;0;0;0;0;0
75-021;1;1;0;0;0;1;0;0
75-021;1;2;0;0;0;0;0;0
75-021;1;3;0;0;0;1;0;0
75-021;1;4;0;0;1;1;0;0
75-021;1;5;0;0;0;0;0;0
75-021;1;6;0;0;0;0;0;0
75-021;1;7;0;0;0;0;0;0
75-021;1;8;0;0;0;0;0;0
75-021;1;9;0;0;0;0;0;0
75-021;1;10;0;0;0;0;0;0
75-021;1;11;0;0;0;0;0;0
75-021;1;12;0;0;0;0;0;0
75-021;1;13;0;0;0;0;0;0
75-021;1;14;0;0;0;0;0;0
75-021;1;15;0;0;0;0;0;0
75-021;1;16;0;0;0;0;0;0
75-021;1;17;0;0;0;0;0;0
75-021;1;18;0;0;0;0;0;0
75-021;1;19;0;0;0;0;0;0
75-021;1;20;0;0;0;0;0;0
75-021;2;1;0;0;0;1;1;0
75-021;2;2;0;0;0;0;0;0
75-021;2;3;0;0;0;0;0;0
75-021;2;4;0;0;0;1;1;0
75-021;2;5;0;0;1;0;0;0
75-021;2;6;0;0;0;0;0;0
75-021;2;7;0;0;0;0;0;0
75-021;2;8;0;0;0;1;0;0
75-021;2;9;0;0;0;0;0;0
75-021;2;10;0;0;0;0;0;0
75-021;2;11;0;0;0;0;0;0
75-021;2;12;0;0;0;0;0;0
75-021;2;13;0;0;0;0;0;0
75-021;2;14;0;0;0;1;0;0
75-021;2;15;0;0;0;0;0;0
75-021;2;16;0;0;0;0;0;0
75-021;2;17;0;0;0;0;0;0
75-021;2;18;0;0;0;0;0;0
75-021;2;19;0;0;0;0;0;0
75-021;2;20;0;0;0;0;0;0
75-021;2;21;0;0;0;0;0;0
75-021;3;1;0;0;0;1;0;0
75-021;3;2;0;0;0;1;0;0
75-021;3;3;0;0;0;1;0;0
75-021;3;4;0;0;0;1;0;0
75-021;3;5;0;0;0;1;0;0
75-021;3;6;0;0;0;1;0;0
75-021;3;7;0;0;0;1;0;0
75-021;3;8;0;0;0;1;0;0
75-021;3;9;0;0;0;1;0;0
75-021;3;10;0;0;0;1;0;0
75-021;3;11;0;0;1;1;0;0
75-021;3;12;0;0;1;1;0;0
75-021;3;13;0;0;1;0;1;0
75-021;3;14;0;0;0;0;0;0
75-021;3;15;0;0;0;0;0;0
75-021;3;16;0;0;0;0;0;0
75-021;3;17;0;0;0;0;0;0
75-021;3;18;0;0;0;0;0;0
75-021;3;19;0;0;0;0;0;0
75-021;3;20;0;0;0;0;0;0
75-021;3;21;0;0;0;0;0;0
75-021;3;22;0;0;0;0;0;0
75-021;3;23;0;0;0;0;0;0
75-022;1;1;0;1;0;1;1;0
75-022;1;2;0;1;1;1;1;0
75-022;1;3;0;1;0;1;0;0
75-022;1;4;0;1;0;1;0;0
75-022;1;5;0;0;0;0;0;0
75-022;1;6;0;1;0;1;0;0
75-022;1;7;0;0;0;0;0;0
75-022;1;8;0;0;0;0;0;0
75-022;1;9;0;0;0;0;0;0
75-022;1;10;0;0;0;0;0;0
75-022;1;11;0;0;0;0;0;0
75-022;1;12;0;0;0;0;0;0
75-022;1;13;0;0;0;0;0;0
75-022;1;14;0;0;0;0;0;0
75-022;1;15;0;0;0;0;0;0
75-022;1;16;0;0;0;0;0;0
75-022;1;17;0;0;0;0;0;0
75-022;1;18;0;0;0;0;0;0
75-022;1;19;0;0;0;0;0;0
75-022;1;20;0;0;0;0;0;0
75-022;1;21;0;0;0;0;0;0
75-022;2;1;0;1;0;0;0;0
75-022;2;2;0;1;0;0;0;0
75-022;2;3;0;1;0;0;0;0
75-022;2;4;0;0;0;0;0;0
75-022;2;5;0;0;0;0;0;0
75-022;2;6;0;0;0;1;0;0
75-022;2;7;0;0;0;1;0;0
75-022;2;8;0;0;0;1;0;0
75-022;2;9;0;0;0;0;0;0
75-022;2;10;0;0;0;1;0;0
75-022;2;11;0;0;0;1;0;0
75-022;2;12;0;0;0;1;0;0
75-022;2;13;0;0;0;1;0;0
75-022;2;14;0;0;0;1;0;0
75-022;2;15;0;0;0;1;0;0
75-022;2;16;0;0;0;1;0;0
75-022;2;17;0;0;0;0;0;0
75-022;2;18;0;0;0;0;0;0
75-022;2;19;0;0;0;0;0;0
75-022;2;20;0;0;0;0;0;0
75-023;1;1;0;0;0;1;1;0
75-023;1;2;0;0;0;1;1;0
75-023;1;3;0;0;0;1;0;1
75-023;1;4;0;0;0;1;0;0
75-023;1;5;0;1;0;1;0;1
75-023;1;6;0;0;0;1;0;0
75-023;1;7;1;1;0;0;0;0
75-023;1;8;0;0;0;0;0;0
75-023;1;9;1;0;0;1;0;0
75-023;1;10;1;0;0;1;0;0
75-023;1;11;1;0;0;1;0;0
75-023;1;12;1;0;0;1;0;0
75-023;1;13;1;0;0;1;0;0
75-023;1;14;1;0;0;1;0;0
75-023;1;15;1;0;0;1;0;0
75-023;1;16;1;0;0;1;0;0
75-023;1;17;0;0;0;1;0;0
75-025;2;1;0;1;0;0;0;0
75-025;2;2;0;0;0;0;0;0
75-025;2;3;0;0;0;1;0;0
75-025;2;4;0;0;0;0;0;0
75-025;2;5;0;0;0;1;0;0
75-025;2;6;0;0;0;1;0;0
75-025;2;7;0;0;0;0;0;0
75-025;2;8;0;0;0;0;0;0
75-025;2;9;1;0;0;0;0;0
75-025;2;10;0;0;0;0;0;0
75-025;2;11;0;0;0;0;0;0
75-025;2;12;0;0;0;0;0;0
75-025;2;13;0;0;0;0;0;0
75-025;2;14;1;0;0;0;0;0
75-025;2;15;0;0;0;0;0;0
75-025;2;16;0;0;0;0;0;0
75-025;2;17;0;0;0;0;0;0
75-025;2;18;0;0;0;0;0;0
75-025;2;19;0;0;0;0;0;0
75-025;2;20;0;0;0;0;0;0
75-025;2;21;0;0;0;0;0;0
75-026;1;1;0;0;0;0;0;0
75-026;1;2;0;0;0;0;0;0
75-026;1;3;0;0;0;0;0;0
75-026;1;4;0;1;0;0;0;0
75-026;1;5;0;0;0;0;0;0
75-026;1;6;0;0;0;1;0;0
75-026;1;7;0;0;0;0;0;0
75-026;1;8;0;0;0;0;0;0
75-026;1;9;0;0;0;0;0;0
75-026;1;10;0;0;0;0;0;0
75-026;1;11;0;0;0;0;0;0
75-026;1;12;0;0;0;0;0;0
75-026;1;13;0;0;0;0;0;0
75-026;1;14;0;0;0;0;0;0
75-026;1;15;0;0;0;0;0;0
75-026;1;16;0;0;0;0;0;0
75-026;1;17;0;0;0;0;0;0
75-026;1;18;0;0;0;0;0;0
75-026;1;19;0;0;0;0;0;0
75-026;2;1;0;0;0;0;0;0
75-026;2;2;0;0;0;0;0;0
75-026;2;3;0;0;0;0;0;0
75-026;2;4;0;0;0;0;0;0
75-026;2;5;0;0;0;0;0;0
75-026;2;6;0;0;0;0;0;0
75-026;2;7;0;0;0;0;0;0
75-026;2;8;0;0;0;0;0;0
75-027;1;1;0;1;1;0;0;0
75-027;1;2;0;0;0;0;0;0
75-027;1;3;0;0;0;0;0;0
75-027;1;4;1;0;0;0;0;0
75-027;1;5;0;0;0;0;0;0
75-027;1;6;0;0;0;0;0;0
75-027;1;7;0;0;0;0;0;0
75-027;1;8;0;0;0;0;0;0
75-027;1;9;0;0;0;0;0;0
75-027;1;10;0;0;0;0;0;0
75-027;1;11;0;0;0;0;0;0
75-027;1;12;0;0;0;0;0;0
75-027;1;13;0;0;0;0;0;0
75-027;1;14;0;0;0;0;0;0
75-027;1;15;0;0;0;0;0;0
75-027;1;16;0;0;0;0;0;0
75-027;1;17;0;0;0;0;0;0
75-027;1;18;0;0;0;0;0;0
75-027;1;19;0;0;0;0;0;0
75-027;1;20;0;0;0;0;0;0
75-027;2;1;0;1;1;0;0;0
75-027;2;2;1;1;1;1;0;0
75-027;2;3;0;1;0;0;0;0
75-027;2;4;0;0;0;0;0;0
75-027;2;5;0;0;0;0;0;0
75-027;2;6;0;0;0;0;0;0
75-027;2;7;0;0;0;0;0;0
75-027;2;8;0;0;0;0;0;0
75-027;2;9;0;0;0;0;0;0
75-027;2;10;1;0;0;0;0;0
75-027;2;11;0;0;0;1;0;0
75-027;2;12;0;0;0;0;0;0
75-027;2;13;0;0;0;0;0;0
75-027;2;14;0;0;0;0;0;0
75-027;2;15;0;0;0;0;0;0
75-027;2;16;0;0;0;0;0;0
75-027;2;17;0;0;0;0;0;0
75-027;2;18;0;0;0;0;0;0
75-027;2;19;0;0;0;0;0;0
75-027;2;20;0;0;0;0;0;0
75-027;3;1;0;1;1;0;0;0
75-027;3;2;0;0;0;0;0;0
75-027;3;3;0;0;0;0;0;0
75-027;3;4;0;0;0;0;0;0
75-027;3;5;0;0;0;0;0;0
75-027;3;6;0;0;0;0;0;0
75-027;3;7;0;0;0;0;0;0
75-027;3;8;0;0;0;0;0;0
75-027;3;9;0;0;0;0;0;0
75-027;3;10;0;0;0;0;0;0
75-028;1;1;0;1;0;1;0;0
75-028;1;2;0;0;0;0;0;0
75-028;1;3;0;0;0;1;0;0
75-028;1;4;0;0;0;1;0;0
75-028;1;5;0;0;0;1;0;0
75-028;1;6;0;0;0;0;0;0
75-028;1;7;0;0;0;0;0;0
75-028;1;8;0;0;0;0;0;0
75-028;1;9;0;0;0;0;0;0
75-028;1;10;0;0;0;0;0;0
75-028;1;11;0;0;0;0;0;0
75-028;1;12;0;0;0;0;0;0
75-028;1;13;0;0;0;0;0;0
75-028;1;14;0;0;0;0;0;0
75-028;1;15;0;0;0;0;0;0
75-028;1;16;0;0;0;0;0;0
75-028;1;17;0;0;0;0;0;0
75-028;1;18;0;0;0;0;0;0
75-028;2;1;0;0;0;1;0;0
75-028;2;2;0;1;0;1;0;0
75-028;2;3;0;1;0;1;0;0
75-028;2;4;0;1;0;1;0;0
75-028;2;5;0;1;0;1;0;0
75-028;2;6;0;0;0;0;0;0
75-028;2;7;0;1;0;1;0;0
75-028;2;8;0;0;0;1;0;0
75-028;2;9;0;0;0;1;0;0
75-028;2;10;0;0;0;0;0;0
75-028;2;11;0;0;0;0;0;0
75-028;2;12;0;0;0;0;0;0
75-028;2;13;0;0;0;0;0;0
75-028;2;14;0;0;0;0;0;0
75-028;2;15;0;0;0;0;0;0
75-028;2;16;0;0;0;0;0;0
75-028;2;17;0;0;0;0;0;0
75-029;1;1;0;0;0;1;0;0
75-029;1;2;0;0;0;0;0;0
75-029;1;3;0;0;0;0;0;0
75-029;1;4;0;0;0;1;0;0
75-029;1;5;0;0;0;0;0;0
75-029;1;6;0;0;0;1;0;0
75-029;1;7;0;0;0;1;0;0
75-029;1;8;0;0;0;0;0;0
75-029;1;9;1;0;0;0;0;0
75-029;1;10;1;0;0;0;0;0
75-029;1;11;0;0;0;0;0;0
75-029;1;12;0;0;0;0;0;0
75-029;1;13;0;0;0;0;0;0
75-029;1;14;0;0;0;0;0;0
75-029;1;15;0;0;0;0;0;0
75-029;1;16;0;0;0;0;0;0
75-029;1;17;0;0;0;0;0;0
75-029;1;18;0;0;0;0;0;0
75-029;1;19;0;0;0;0;0;0
75-029;1;20;0;0;0;0;0;0
75-029;1;21;0;0;0;0;0;0
75-029;1;22;0;0;0;0;0;0
75-029;1;23;0;0;0;0;0;0
75-029;1;24;0;0;0;0;0;0
75-029;2;1;0;0;0;0;0;0
75-029;2;2;0;0;0;0;0;0
75-029;2;3;0;0;0;0;0;0
75-029;2;4;0;0;0;0;0;0
75-029;2;5;0;0;0;1;0;0
75-029;2;6;0;0;0;0;0;0
75-029;2;7;0;0;0;0;0;0
75-029;2;8;0;0;0;0;0;0
75-029;2;9;0;0;0;0;0;0
75-029;2;10;0;0;0;1;0;0
75-029;2;11;0;0;0;0;0;0
75-029;2;12;0;0;0;0;0;0
75-029;2;13;0;0;0;0;0;0
75-029;2;14;0;0;0;0;0;0
75-029;2;15;0;0;0;0;0;0
75-029;2;16;0;0;0;1;0;0
75-029;2;17;0;0;0;0;0;0
75-029;2;18;0;0;0;0;0;0
75-029;2;19;0;0;0;0;0;0
75-029;2;20;0;0;0;0;0;0
75-029;3;1;0;0;0;1;0;0
75-029;3;2;0;0;0;0;0;0
75-029;3;3;0;0;0;0;0;0
75-029;3;4;0;0;0;0;0;0
75-029;3;5;0;0;0;1;0;0
75-029;3;6;0;0;0;1;0;0
75-029;3;7;0;0;0;0;0;0
75-030;1;1;0;1;0;0;0;0
75-030;1;2;0;0;0;1;0;0
75-030;1;3;0;1;0;0;0;0
75-030;1;4;0;1;0;0;0;0
75-030;1;5;0;0;0;1;0;0
75-030;1;6;0;0;0;1;0;0
75-030;1;7;0;0;0;0;0;0
75-030;1;8;0;1;0;0;0;0
75-030;1;9;0;0;0;0;0;0
75-030;1;10;0;0;0;0;0;0
75-030;1;11;0;0;0;0;0;0
75-030;1;12;0;0;0;0;0;0
75-030;1;13;0;0;0;0;0;0
75-030;1;14;0;0;0;0;0;0
75-030;1;15;0;0;0;0;0;0
75-030;1;16;0;0;0;0;0;0
75-030;1;17;0;0;0;0;0;0
75-030;2;1;0;0;0;1;0;0
75-030;2;2;0;0;0;1;0;0
75-030;2;3;0;0;0;0;1;0
75-030;2;4;0;0;0;0;0;0
75-030;2;5;0;0;0;0;0;0
75-030;2;6;0;1;0;0;0;0
75-030;2;7;0;1;0;0;0;0
75-030;2;8;0;0;0;0;0;0
75-030;2;9;0;0;0;0;0;0
75-030;2;10;0;0;0;0;0;0
75-030;2;11;0;0;0;0;0;0
75-030;2;12;0;0;0;0;0;0
75-030;2;13;0;0;0;0;0;0
75-030;2;14;0;0;0;0;0;0
75-030;2;15;0;0;0;0;0;0
75-030;2;16;0;0;0;0;0;0
75-030;2;17;0;0;0;0;0;0
75-030;2;18;0;0;0;0;0;0
75-030;2;19;0;0;0;0;0;0
75-030;2;20;0;0;0;0;0;0
75-030;2;21;0;0;0;0;0;0
75-031;1;1;0;0;0;0;0;0
75-031;1;2;0;0;0;0;0;0
75-031;1;3;0;0;0;0;0;0
75-031;1;4;0;0;0;0;0;0
75-031;1;5;0;0;0;0;0;0
75-031;1;6;0;0;0;0;0;0
75-031;1;7;0;1;0;1;0;0
75-031;1;8;0;0;0;0;0;0
75-031;1;9;0;0;0;1;0;0
75-031;1;10;0;0;0;0;0;0
75-031;1;11;0;0;0;0;0;0
75-031;1;12;0;0;0;0;0;0
75-031;1;13;0;0;0;0;0;0
75-031;1;14;0;0;0;0;0;0
75-031;1;15;0;0;0;0;0;0
75-031;2;1;0;0;0;0;0;0
75-031;2;2;0;0;0;0;0;0
75-031;2;3;0;0;0;0;0;0
75-031;2;4;0;0;0;0;0;0
75-031;2;5;0;0;0;0;0;0
75-031;2;6;0;0;0;0;0;0
75-031;2;7;0;0;0;0;0;0
75-031;2;8;0;0;0;0;0;0
75-031;2;9;0;0;0;0;0;0
75-031;2;10;0;0;0;0;0;0
75-031;2;11;0;0;0;0;0;0
75-031;2;12;0;0;0;1;0;0
75-031;2;13;0;0;0;0;0;0
75-031;2;14;0;0;0;0;0;0
75-031;2;15;0;0;0;0;0;0
75-031;2;16;0;0;0;0;0;0
75-031;2;17;0;0;0;0;0;0
75-031;2;18;0;0;0;0;0;0
75-032;1;1;0;0;0;0;0;0
75-032;1;2;0;0;0;1;0;0
75-032;1;3;0;0;0;0;0;0
75-032;1;4;0;0;0;0;0;0
75-032;1;5;0;0;0;0;0;0
75-032;1;6;0;0;0;0;0;0
75-032;1;7;0;0;0;0;0;0
75-032;1;8;0;0;0;1;0;0
75-032;1;9;0;0;0;0;0;0
75-032;1;10;0;0;0;0;0;0
75-032;1;11;0;0;0;0;0;0
75-032;1;12;0;0;0;0;0;0
75-032;1;13;0;0;0;0;0;0
75-032;1;14;0;0;0;0;0;0
75-032;1;15;0;0;0;0;0;0
75-032;1;16;0;0;0;0;0;0
75-032;1;17;0;0;0;0;0;0
75-033;1;1;0;0;0;0;0;0
75-033;1;2;0;0;0;0;0;0
75-033;1;3;0;0;0;0;0;0
75-033;1;4;0;0;0;0;0;0
75-033;1;5;0;0;0;1;0;0
75-033;1;6;0;0;0;0;0;0
75-033;1;7;0;0;0;0;0;0
75-033;1;8;0;0;0;0;0;0
75-033;1;9;0;0;0;0;0;0
75-033;1;10;0;0;0;0;0;0
75-033;1;11;0;0;0;0;0;0
75-033;1;12;0;0;0;0;0;0
75-033;1;13;0;0;0;1;0;0
75-033;1;14;0;0;0;0;0;0
75-033;1;15;0;0;0;0;0;0
75-033;2;1;0;0;0;0;0;0
75-033;2;2;0;0;0;0;0;0
75-033;2;3;0;0;0;0;0;0
75-033;2;4;0;0;0;0;0;0
75-033;2;5;0;0;0;0;0;0
75-033;2;6;0;0;0;1;0;0
75-033;2;7;0;0;0;0;0;0
75-033;2;8;0;0;0;0;0;0
75-033;2;9;1;0;0;0;0;0
75-033;2;10;0;0;0;0;0;0
75-033;2;11;0;0;0;0;0;0
75-033;2;12;1;0;0;0;0;0
75-033;2;13;0;0;0;0;0;0
75-033;2;14;0;0;0;0;0;0
75-033;2;15;0;0;0;0;0;0
75-033;2;16;0;0;0;0;0;0
75-033;2;17;0;0;0;0;0;0
75-034;1;1;0;0;0;0;0;0
75-034;1;2;0;0;0;1;0;0
75-034;1;3;0;0;0;0;0;0
75-034;1;4;0;0;0;0;0;0
75-034;1;5;0;0;0;0;0;0
75-034;1;6;0;0;0;0;0;0
75-034;1;7;0;0;0;0;0;0
75-034;1;8;0;0;0;0;0;0
75-034;2;1;0;0;0;0;0;0
75-034;2;2;0;0;0;0;0;0
75-034;2;3;0;0;0;0;0;0
75-034;2;4;0;0;0;0;0;0
75-034;2;5;0;0;0;0;0;0
75-034;2;6;0;0;0;0;0;0
75-034;2;7;0;0;0;0;0;0
75-034;2;8;0;0;0;0;0;0
75-034;2;9;0;0;0;0;0;0
75-034;2;10;0;0;0;0;0;0
75-034;2;11;0;0;0;0;0;0
75-034;2;12;0;0;0;0;0;0
75-035;1;1;0;0;0;0;0;0
75-035;1;2;0;0;0;0;0;0
75-035;1;3;0;0;0;0;0;0
75-035;1;4;0;0;0;0;0;0
75-035;1;5;0;0;0;0;0;0
75-035;1;6;0;0;0;0;0;0
75-035;1;7;0;0;0;0;0;0
75-035;1;8;0;0;0;0;0;0
75-035;1;9;0;0;0;0;0;0
75-035;1;10;0;0;0;0;0;0
75-035;1;11;0;0;0;0;0;0
75-035;1;12;0;0;0;0;0;0
75-035;1;13;0;0;0;0;0;0
75-035;1;14;0;0;0;1;0;0
75-035;1;15;0;0;0;1;0;0
75-035;1;16;0;0;0;0;0;0
75-035;1;17;0;0;0;0;0;0
75-035;1;18;0;0;0;0;0;0
75-035;1;19;0;0;0;0;0;0
75-035;1;20;0;0;0;0;0;0
75-035;1;21;0;0;0;0;0;0
75-035;1;22;0;0;0;0;0;0
75-035;1;23;0;0;0;0;0;0
75-035;1;24;0;0;0;0;0;0
75-035;1;25;0;0;0;0;0;0
75-036;1;1;0;0;0;0;0;0
75-036;1;2;0;0;0;0;0;0
75-036;1;3;0;0;0;1;0;0
75-036;1;4;0;0;0;0;0;0
75-036;1;5;0;0;0;0;0;0
75-036;1;6;0;0;0;0;0;0
75-036;1;7;0;0;0;0;0;0
75-036;1;8;0;0;0;0;0;0
75-036;2;1;0;0;0;0;0;0
75-036;2;2;0;0;0;0;0;0
75-036;2;3;0;0;0;0;0;0
75-036;2;4;0;0;0;0;0;0
75-036;2;5;0;0;0;0;0;0
75-036;2;6;0;0;0;0;0;0
75-036;2;7;0;0;0;0;0;0
75-036;2;8;0;0;0;0;0;0
75-036;2;9;0;0;0;0;0;0
75-036;2;10;0;0;0;0;0;0
75-037;1;1;0;0;0;1;0;0
75-037;1;2;0;0;0;1;0;0
75-037;1;3;0;0;0;0;0;0
75-038;1;1;0;0;0;0;0;0
75-038;1;2;0;0;0;1;0;0
75-038;1;3;0;0;0;0;0;0
75-038;1;4;0;0;0;0;0;0
75-038;1;5;0;0;0;0;0;0
75-038;1;6;0;0;0;0;0;0
75-038;1;7;0;0;0;0;0;0
75-038;1;8;0;0;0;0;0;0
75-038;1;9;0;0;0;0;0;0
75-038;1;10;0;0;0;0;0;0
75-038;1;11;0;0;0;1;0;0
75-038;1;12;0;0;0;0;0;0
75-038;1;13;0;0;0;0;0;0
75-038;1;14;0;0;0;0;0;0
75-038;1;15;0;0;0;0;0;0
75-038;1;16;0;0;0;0;0;0
75-038;1;17;0;0;0;0;0;0
75-038;1;18;0;0;0;0;0;0
75-038;1;19;0;0;0;0;0;0
75-039;1;1;0;0;0;1;0;0
75-039;1;2;0;0;0;1;0;0
75-039;1;3;0;0;0;0;0;0
75-039;1;4;0;0;0;1;0;0
75-039;1;5;0;0;0;1;0;0
75-039;1;6;0;0;0;0;0;0
75-039;1;7;0;0;0;0;0;0
75-039;1;8;0;0;1;0;0;0
75-039;1;9;0;0;1;0;0;0
75-039;1;10;0;0;0;0;0;0
75-039;1;11;0;0;0;0;0;0
75-039;1;12;0;0;1;1;0;0
75-039;1;13;0;0;0;0;0;0
75-039;1;14;0;0;0;0;0;0
75-039;1;15;1;1;0;1;0;0
75-039;1;16;1;1;0;1;0;0
75-039;1;17;0;0;0;1;0;0
75-039;1;18;0;0;0;0;0;0
75-039;1;19;0;0;0;0;0;0
75-039;2;1;0;0;0;1;0;0
75-039;2;2;0;0;0;1;0;0
75-039;2;3;0;0;0;0;0;0
75-039;2;4;0;0;0;1;0;0
75-039;2;5;0;0;0;1;0;0
75-039;2;6;0;0;0;1;0;0
75-039;2;7;0;0;0;0;0;0
75-039;2;8;0;0;0;0;0;0
75-039;2;9;0;0;1;1;0;0
75-039;2;10;0;0;1;1;0;0
75-039;2;11;0;1;0;1;0;0
75-039;2;12;0;1;0;1;0;0
75-039;2;13;0;1;0;1;0;0
75-039;2;14;0;1;0;1;0;0
75-039;2;15;0;1;0;1;0;0
75-040;1;1;0;0;0;0;0;0
75-040;1;2;0;0;0;0;0;0
75-040;1;3;0;0;0;0;0;0
75-040;1;4;0;0;0;0;0;0
75-040;1;5;0;0;0;0;0;0
75-040;1;6;0;0;0;0;0;0
75-040;1;7;0;0;0;0;1;0
75-040;1;8;0;0;0;0;0;0
75-040;1;9;0;0;0;0;0;0
75-040;1;10;0;0;0;0;0;0
75-040;1;11;0;0;0;0;0;0
75-040;1;12;0;0;0;0;0;0
75-040;1;13;0;0;0;0;0;0
75-040;1;14;0;0;0;0;0;0
75-040;1;15;0;0;0;0;0;0
75-040;1;16;0;0;0;0;0;0
75-040;2;1;0;0;0;0;0;0
75-040;2;2;0;0;0;0;0;0
75-040;2;3;0;0;0;0;0;0
75-040;2;4;0;0;0;0;0;0
75-040;2;5;0;0;0;0;0;0
75-040;2;6;0;0;0;0;0;0
75-040;2;7;0;0;0;0;0;0
75-040;2;8;0;0;0;0;0;0
75-040;2;9;0;0;0;0;0;0
75-041;1;1;0;0;0;0;0;0
75-041;1;2;0;0;0;0;0;0
75-041;1;3;0;0;0;0;0;0
75-041;1;4;0;0;0;0;0;0
75-041;1;5;0;0;0;0;0;0
75-041;1;6;0;0;0;0;0;0
75-041;1;7;0;0;0;0;0;0
75-041;1;8;0;0;0;0;0;0
75-041;1;9;0;0;0;0;0;0
75-041;1;10;0;0;0;0;0;0
75-041;1;11;0;0;0;0;0;0
75-041;1;12;0;0;0;0;0;0
75-041;1;13;0;0;0;0;0;0
75-041;1;14;0;0;0;0;0;0
75-041;1;15;0;0;0;0;0;0
75-041;1;16;0;0;0;0;0;0
75-041;1;17;0;0;0;0;0;0
75-041;1;18;0;0;0;0;0;0
75-041;1;19;0;0;0;0;0;0
75-041;1;20;0;0;0;0;0;0
75-041;2;1;0;0;0;0;0;0
75-041;2;2;0;0;0;0;0;0
75-041;2;3;0;0;0;0;0;0
75-041;2;4;0;0;0;0;0;0
75-041;2;5;0;0;0;0;0;0
75-041;2;6;0;0;0;0;0;0
75-041;2;7;0;0;0;1;0;0
75-041;2;8;0;0;0;0;0;0
75-041;2;9;0;0;0;0;0;0
75-041;2;10;0;0;0;0;0;0
75-041;2;11;0;0;0;0;0;0
75-041;2;12;0;0;0;0;0;0
75-041;2;13;0;0;0;0;0;0
75-041;2;14;0;0;0;0;0;0
75-041;2;15;0;0;0;0;0;0
75-042;1;1;0;0;0;0;0;0
75-042;1;2;0;0;0;0;0;0
75-042;1;3;0;0;0;0;0;0
75-042;1;4;0;0;0;0;0;0
75-042;1;5;0;1;1;1;0;0
75-042;1;6;0;0;0;0;0;0
75-042;1;7;0;0;0;0;0;0
75-042;1;8;0;0;0;0;0;0
75-042;1;9;0;0;0;0;0;0
75-042;1;10;0;0;0;0;0;0
75-043;1;1;0;0;0;0;0;0
75-043;1;2;0;0;0;0;0;0
75-043;1;3;0;0;0;0;0;0
75-043;1;4;0;0;0;0;0;0
75-043;1;5;0;0;0;0;0;0
75-043;1;6;0;0;0;0;0;0
75-043;1;7;0;0;0;0;0;0
75-043;1;8;0;0;0;0;0;0
75-043;1;9;0;0;0;0;0;0
75-043;1;10;0;0;0;0;0;0
75-043;1;11;0;0;0;0;0;0
75-043;1;12;0;0;0;0;0;0
75-043;1;13;0;0;0;0;0;0
75-043;1;14;0;0;0;0;0;0
75-043;1;15;0;0;0;0;0;0
75-043;1;16;0;0;0;0;0;0
75-043;1;17;0;0;0;0;0;0
75-043;1;18;0;0;0;0;0;0
75-044;1;1;0;0;0;0;0;0
75-044;1;2;0;0;0;0;0;0
75-044;1;3;0;0;0;0;0;0
75-044;1;4;1;0;0;0;0;0
75-044;1;5;0;0;0;0;0;0
75-044;1;6;0;0;0;0;0;0
75-044;1;7;0;0;0;0;0;0
75-044;1;8;0;0;0;0;0;0
75-044;1;9;0;0;0;0;0;0
75-044;1;10;0;0;0;0;0;0
75-044;1;11;0;0;0;0;0;0
75-044;1;12;0;0;0;0;0;0
75-044;1;13;0;0;0;0;0;0
75-044;1;14;0;0;0;0;0;0
75-044;1;15;0;0;0;0;0;0
75-044;1;16;0;0;0;0;0;0
75-044;1;17;0;0;0;0;0;0
75-044;1;18;0;0;0;0;0;0
75-044;1;19;0;0;0;0;0;0
75-044;2;1;0;0;0;0;0;0
75-044;2;2;0;0;0;0;0;0
75-044;2;3;0;0;0;0;0;0
75-044;2;4;0;0;0;0;0;0
75-044;2;5;0;0;0;0;0;0
75-044;2;6;0;0;0;0;0;0
75-044;2;7;0;0;0;0;0;0
75-044;2;8;0;0;0;0;0;0
75-044;2;9;0;0;0;0;0;0
75-044;2;10;0;0;0;0;0;0
75-044;2;11;0;0;0;0;0;0
75-044;2;12;0;0;0;1;0;0
75-044;2;13;0;0;0;0;0;0
75-045;1;1;0;0;0;1;0;0
75-045;1;2;0;0;0;1;0;0
75-045;1;3;0;0;0;0;0;0
75-045;1;4;0;0;0;1;0;0
75-045;1;5;0;1;0;1;0;0
75-045;1;6;0;0;0;0;0;0
75-045;1;7;0;1;0;1;0;0
75-045;1;8;0;0;0;0;0;0
75-045;1;9;0;0;0;0;0;0
75-045;1;10;0;0;0;0;0;0
75-045;1;11;0;0;0;0;0;0
75-045;1;12;0;0;0;0;0;0
75-045;1;13;0;0;0;0;0;0
75-045;1;14;0;0;0;0;0;0
75-045;1;15;0;0;0;0;0;0
75-045;1;16;0;0;0;0;0;0
75-045;1;17;0;0;0;0;0;0
75-045;1;18;0;0;0;0;0;0
75-045;1;19;0;0;0;0;0;0
75-045;1;20;0;0;0;0;0;0
75-046;1;1;0;0;0;0;0;0
75-046;1;2;0;0;0;0;0;0
75-046;1;3;0;0;0;0;0;0
75-046;1;4;0;0;0;0;0;0
75-046;1;5;0;0;0;1;0;0
75-046;1;6;0;0;0;0;0;0
75-046;1;7;0;0;0;0;0;0
75-046;1;8;0;0;0;0;0;0
75-046;1;9;0;0;0;0;0;0
75-046;1;10;0;0;0;0;0;0
75-046;1;11;0;0;0;0;0;0
75-046;1;12;0;0;0;0;0;0
75-046;1;13;0;0;0;0;0;0
75-046;1;14;0;0;0;0;0;0
75-046;1;15;0;0;0;0;0;0
75-046;1;16;0;0;0;0;0;0
75-046;1;17;0;0;0;0;0;0
75-046;1;18;0;0;0;0;0;0
75-046;1;19;0;0;0;0;0;0
75-046;2;1;0;0;0;0;0;0
75-046;2;2;0;0;0;0;0;0
75-046;2;3;0;0;0;0;0;0
75-046;2;4;0;0;0;1;0;0
75-046;2;5;0;0;0;0;0;0
75-046;2;6;0;0;0;0;0;0
75-046;2;7;0;0;0;0;0;0
75-046;2;8;0;0;0;0;0;0
75-046;2;9;0;0;0;0;0;0
75-046;2;10;0;0;0;0;0;0
75-046;2;11;0;0;0;0;0;0
75-047;1;1;0;0;0;0;0;0
75-047;1;2;0;0;0;0;0;0
75-047;1;3;0;0;0;0;0;0
75-047;1;4;0;0;0;0;0;0
75-047;1;5;0;0;0;0;0;0
75-047;1;6;0;0;0;0;0;0
75-047;1;7;0;0;0;0;0;0
75-047;1;8;0;0;0;0;0;0
75-047;1;9;0;0;0;0;0;0
75-047;1;10;0;0;0;0;0;0
75-047;1;11;0;0;0;0;0;0
75-047;1;12;0;0;0;0;0;0
75-047;1;13;0;0;0;0;0;0
75-047;1;14;0;0;0;0;0;0
75-047;1;15;0;0;0;0;0;0
75-047;1;16;0;0;0;0;0;0
75-047;1;17;0;0;0;0;0;0
75-047;1;18;0;0;0;0;0;0
75-047;1;19;0;0;0;0;0;0
75-047;1;20;0;0;0;0;0;0
75-047;1;21;0;0;0;0;0;0
75-047;2;1;0;1;0;0;0;0
75-047;2;2;1;0;0;0;0;0
75-047;2;3;1;0;0;0;0;0
75-047;2;4;0;1;0;1;0;0
75-047;2;5;0;0;0;0;0;0
75-047;2;6;0;0;0;0;0;0
75-047;2;7;0;0;0;0;0;0
75-047;2;8;0;0;0;0;0;0
75-047;2;9;0;0;0;1;0;0
75-047;2;10;0;0;0;1;0;0
75-047;2;11;1;1;0;0;0;0
75-047;2;12;0;0;0;0;0;0
75-047;2;13;1;1;0;0;0;0
75-047;2;14;1;1;0;0;0;0
75-047;2;15;0;0;0;0;0;0
75-047;2;16;0;0;0;0;0;0
75-047;2;17;0;0;0;0;0;0
75-047;2;18;0;0;0;0;0;0
75-047;2;19;0;0;0;0;0;0
75-047;2;20;0;0;0;0;0;0
75-047;3;1;0;0;0;0;0;0
75-047;3;2;0;0;0;0;0;0
75-047;3;3;1;0;0;0;0;0
75-047;3;4;0;1;0;1;0;0
75-047;3;5;0;0;0;0;0;0
75-047;3;6;0;0;0;0;0;0
75-047;3;7;0;0;0;0;0;0
75-047;3;8;0;0;0;0;0;0
75-047;3;9;0;0;0;0;0;0
75-048;1;1;0;0;0;0;0;0
75-048;1;2;0;0;0;0;0;0
75-048;1;3;0;0;0;0;0;0
75-048;1;4;0;0;0;0;0;0
75-048;1;5;0;0;0;0;0;0
75-048;1;6;0;0;0;0;0;0
75-048;1;7;0;0;0;0;0;0
75-048;1;8;0;0;0;0;0;0
75-048;1;9;0;0;0;0;0;0
75-048;1;10;0;0;0;0;0;0
75-048;1;11;0;0;0;0;0;0
75-048;1;12;0;0;0;0;0;0
75-048;1;13;0;0;0;0;0;0
75-048;1;14;0;0;0;0;0;0
75-048;1;15;0;0;0;0;0;0
75-048;1;16;0;0;0;0;0;0
75-048;1;17;0;0;0;0;0;0
75-049;1;1;0;0;0;1;0;0
75-049;1;2;0;0;0;0;0;0
75-049;1;3;0;0;0;0;0;0
75-049;1;4;0;0;0;0;0;0
75-049;1;5;0;0;0;1;0;0
75-049;1;6;0;0;0;0;0;0
75-049;1;7;0;0;0;0;0;0
75-049;1;8;0;0;0;0;0;0
75-049;1;9;0;0;0;0;0;0
75-049;1;10;0;0;0;0;0;0
75-049;1;11;0;0;0;0;0;0
75-049;1;12;0;0;0;0;0;0
75-049;1;13;0;0;0;0;0;0
75-049;1;14;0;0;0;0;0;0
75-049;1;15;0;0;0;0;0;0
75-049;1;16;0;0;0;0;0;0
75-049;1;17;0;0;0;0;0;0
75-049;1;18;0;0;0;0;0;0
75-049;1;19;0;0;0;0;0;0
75-049;1;20;0;0;0;0;0;0
75-049;1;21;0;0;0;0;0;0
75-049;1;22;0;0;0;0;0;0
75-049;2;1;0;0;0;0;0;0
75-049;2;2;0;0;0;0;0;0
75-049;2;3;0;0;0;0;0;0
75-049;2;4;0;0;0;0;0;0
75-049;2;5;0;0;0;0;0;0
75-049;2;6;0;0;0;0;0;0
75-049;2;7;0;0;0;0;0;0
75-050;1;1;0;0;0;0;0;0
75-050;1;2;0;0;0;1;0;0
75-050;1;3;0;0;0;0;0;0
75-050;1;4;0;0;0;0;0;0
75-050;1;5;0;0;0;0;0;0
75-050;1;6;0;0;0;0;0;0
75-050;1;7;0;0;0;0;0;0
75-050;1;8;0;0;0;0;0;0
75-050;1;9;0;0;0;0;0;0
75-050;1;10;0;0;0;0;0;0
75-050;1;11;0;0;0;0;0;0
75-050;1;12;0;0;0;0;0;0
75-050;1;13;0;0;0;0;0;0
75-050;1;14;0;0;0;0;0;0
75-050;1;15;0;0;0;0;0;0
75-050;1;16;0;0;0;0;0;0
75-050;1;17;0;0;0;0;0;0
75-050;1;18;0;0;0;0;0;0
75-050;1;19;0;0;0;0;0;0
75-050;1;20;0;0;0;0;0;0
75-050;1;21;0;0;0;0;0;0
75-051;1;1;0;0;0;1;0;0
75-051;1;2;0;0;0;1;0;0
75-051;1;3;0;0;0;0;0;0
75-051;1;4;0;0;0;1;0;0
75-051;1;5;0;0;0;0;0;0
75-051;1;6;0;0;0;1;0;0
75-051;1;7;0;0;0;0;0;0
75-051;1;8;0;0;0;1;0;0
75-051;1;9;0;0;0;0;0;0
75-051;1;10;0;0;0;0;0;0
75-051;1;11;0;0;0;0;0;0
75-051;1;12;0;0;0;0;0;0
75-051;1;13;0;0;0;0;0;0
75-051;1;14;0;0;0;0;0;0
75-051;1;15;0;0;0;0;0;0
75-051;1;16;0;0;0;0;0;0
75-051;1;17;0;0;0;0;0;0
75-051;1;18;0;0;0;0;0;0
75-052;1;1;0;0;0;0;0;0
75-052;1;2;0;0;0;0;0;0
75-052;1;3;0;0;0;0;0;0
75-052;1;4;0;1;0;1;1;0
75-052;1;5;0;0;0;0;0;0
75-052;1;6;0;0;0;0;0;0
75-052;1;7;0;0;0;0;0;0
75-052;1;8;0;0;0;0;0;0
75-052;1;9;0;0;0;0;0;0
75-052;1;10;0;0;0;0;0;0
75-052;1;11;0;0;0;0;0;0
75-052;1;12;0;0;0;0;0;0
75-052;1;13;0;0;0;0;0;0
75-052;1;14;0;0;0;0;0;0
75-052;1;15;0;0;0;0;0;0
75-052;1;16;0;0;0;0;0;0
75-052;1;17;0;0;0;0;0;0
75-053;1;1;0;0;0;0;0;0
75-053;1;2;0;0;0;1;0;0
75-053;1;3;0;0;0;0;0;0
75-053;1;4;0;0;0;1;0;0
75-053;1;5;0;1;0;0;0;0
75-053;1;6;0;0;0;1;0;0
75-053;1;7;0;1;0;0;0;0
75-053;1;8;1;1;0;1;0;0
75-061;1;1;0;0;0;0;1;0
75-061;1;2;1;0;0;1;0;0
75-061;1;3;0;0;0;1;0;0
75-061;1;4;0;0;0;0;0;0
75-061;1;5;0;0;0;0;0;0
75-061;1;6;0;0;0;0;0;0
75-061;1;7;0;0;0;0;0;0
75-062;1;1;0;0;0;0;0;1
75-062;1;2;0;0;0;0;0;0
75-062;1;3;0;0;0;0;0;0
75-062;1;4;0;0;0;1;0;0
75-062;1;5;0;0;0;0;0;0
75-062;1;6;0;0;0;0;0;0
75-062;1;7;0;0;0;1;0;0
75-062;1;8;0;0;0;1;0;0
75-062;1;9;0;0;0;1;0;0
75-062;1;10;0;0;0;1;0;0
75-062;1;11;0;0;0;1;0;0
75-062;1;12;0;0;0;1;0;0
75-062;1;13;0;0;0;1;0;0
75-062;1;14;0;0;0;0;0;0
75-062;1;15;0;0;0;0;0;0
75-062;1;16;0;0;0;0;0;0
75-062;1;17;0;0;0;0;0;1
75-062;1;18;0;0;0;0;0;0
75-062;1;19;0;0;0;0;0;0
75-062;1;20;0;0;0;0;0;0
75-062;1;21;0;0;0;0;0;0
75-062;1;22;0;0;0;0;0;0
75-062;1;23;0;0;0;0;0;0
75-062;2;1;0;0;0;0;0;0
75-062;2;2;0;0;0;0;0;0
75-062;2;3;0;0;0;0;0;0
75-062;2;4;0;0;0;1;0;0
75-062;2;5;0;0;0;0;0;0
75-062;2;6;0;0;0;1;0;0
75-062;2;7;0;0;0;1;0;0
75-062;2;8;0;0;0;1;0;0
75-062;2;9;0;0;0;0;0;0
75-062;2;10;0;0;0;0;0;0
75-062;2;11;0;0;0;0;0;0
75-062;2;12;0;0;0;1;0;0
75-062;2;13;0;0;0;0;0;0
75-062;2;14;0;0;0;0;0;0
75-062;2;15;0;0;0;0;0;0
75-062;2;16;0;0;0;0;0;0
75-062;2;17;0;0;0;1;0;0
75-062;2;18;0;0;0;0;0;0
75-062;2;19;0;0;0;0;0;0
75-062;2;20;0;0;0;0;0;0
75-062;2;21;0;0;0;0;0;0
75-062;2;22;0;0;0;0;0;0
75-062;2;23;0;0;0;0;0;0
75-063;1;1;0;0;0;1;0;0
75-063;1;2;0;0;0;1;0;0
75-063;1;3;0;0;0;0;0;0
75-063;1;4;0;0;0;0;0;0
75-063;1;5;0;0;0;0;0;0
75-063;1;6;0;1;0;1;1;0
75-063;1;7;0;0;0;0;0;0
75-063;1;8;0;1;0;1;0;0
75-063;1;9;0;0;0;0;0;0
75-063;1;10;0;0;0;0;0;0
75-063;1;11;0;0;0;0;0;0
75-063;1;12;0;0;0;0;0;0
75-063;1;13;0;0;0;1;0;0
75-063;1;14;0;0;0;0;0;0
75-063;1;15;0;0;0;0;0;0
75-063;1;16;0;0;0;0;0;0
75-063;1;17;0;0;0;0;0;0
75-063;1;18;0;0;0;0;0;0
75-063;1;19;0;0;0;0;0;0
75-063;1;20;0;0;0;0;0;0
75-063;1;21;0;0;0;0;0;0
75-063;1;22;0;0;0;0;0;0
75-064;1;1;0;0;0;1;0;0
75-064;1;2;0;0;0;1;0;0
75-064;1;3;0;0;0;0;0;0
75-064;1;4;0;0;0;0;0;0
75-064;1;5;0;0;0;1;0;0
75-064;1;6;0;0;0;1;0;0
75-064;1;7;0;1;0;0;0;0
75-064;1;8;1;0;0;0;0;0
75-064;1;9;0;0;0;0;0;0
75-064;1;10;0;0;0;0;0;0
75-064;1;11;0;0;0;0;0;0
75-064;1;12;0;0;0;0;0;0
75-064;1;13;0;0;0;0;0;0
75-064;1;14;0;0;0;0;0;0
75-064;1;15;0;0;0;0;0;0
75-064;1;16;0;0;0;0;0;0
75-064;1;17;0;0;0;0;0;0
75-064;1;18;0;0;0;0;0;0
75-064;1;19;0;0;0;0;0;0
75-064;2;1;0;0;0;0;0;1
75-064;2;2;0;0;0;0;0;1
75-064;2;3;0;0;0;0;0;0
75-064;2;4;0;0;0;0;0;1
75-064;2;5;0;0;0;1;0;0
75-064;2;6;0;0;0;1;0;0
75-064;2;7;0;0;0;1;0;0
75-064;2;8;0;0;0;1;0;0
75-064;2;9;0;0;0;1;0;0
75-064;2;10;0;0;0;0;0;1
75-064;2;11;0;0;0;0;0;0
75-064;2;12;0;0;0;0;0;1
75-064;2;13;0;1;0;0;0;0
75-064;2;14;0;1;0;0;0;0
75-064;2;15;0;1;0;0;0;0
75-064;2;16;0;0;0;0;0;1
75-064;2;17;0;0;0;0;0;0
75-064;2;18;0;0;0;0;0;0
75-065;1;1;0;0;0;0;0;0
75-065;1;2;0;0;0;0;0;0
75-065;1;3;0;0;0;0;0;0
75-065;1;4;0;0;0;0;0;0
75-065;1;5;0;0;0;0;0;0
75-065;1;6;0;0;0;0;0;0
75-065;1;7;0;0;0;1;0;0
75-065;1;8;0;0;0;1;0;0
75-065;1;9;0;0;0;1;0;0
75-065;1;10;0;0;0;0;0;0
75-065;1;11;0;0;0;0;0;0
75-065;1;12;0;0;0;0;0;0
75-065;1;13;0;0;0;0;0;0
75-065;1;14;0;0;0;0;0;0
75-065;1;15;0;0;0;0;0;0
75-065;1;16;0;0;0;0;0;0
75-065;1;17;0;0;0;0;0;0
75-065;2;1;0;0;0;0;0;0
75-065;2;2;0;0;0;0;0;0
75-065;2;3;0;0;0;0;0;0
75-065;2;4;0;0;0;0;0;0
75-065;2;5;0;0;0;0;0;0
75-065;2;6;0;0;0;0;0;0
75-065;2;7;0;0;0;1;0;0
75-065;2;8;0;0;0;0;0;0
75-066;1;1;0;0;0;1;0;0
75-066;1;2;0;0;0;0;0;0
75-066;1;3;0;0;0;0;0;0
75-066;1;4;0;0;0;1;0;0
75-066;1;5;0;0;0;0;0;1
75-066;1;6;0;0;0;1;0;0
75-066;1;7;0;0;0;1;0;0
75-066;1;8;0;0;0;0;0;0
75-066;1;9;0;0;0;0;0;0
75-066;1;10;0;0;0;0;0;0
75-066;1;11;0;0;0;0;0;0
75-066;1;12;0;0;0;0;0;0
75-066;1;13;0;0;0;0;0;0
75-066;1;14;0;0;0;0;0;0
75-066;1;15;0;0;0;0;0;0
75-066;1;16;0;0;0;0;0;0
75-066;1;17;0;0;0;0;0;0
75-066;1;18;0;0;0;0;0;0
75-066;1;19;0;0;0;0;0;0
75-067;1;1;0;1;0;0;0;0
75-067;1;2;0;1;0;0;0;0
75-067;1;3;0;0;0;1;0;0
75-067;1;4;1;1;0;1;0;0
75-067;1;5;1;1;0;1;0;0
75-067;1;6;0;0;0;0;0;0
75-067;1;7;1;0;0;0;0;0
75-067;1;8;0;0;0;1;0;0
75-067;1;9;0;0;0;1;0;0
75-067;1;10;1;0;0;0;0;0
75-067;1;11;1;0;0;0;0;0
75-067;1;12;0;0;0;0;0;0
75-067;1;13;0;0;0;0;0;1
75-067;1;14;0;0;0;0;0;0
75-067;1;15;0;0;0;0;0;0
75-067;1;16;0;0;0;1;0;0
75-067;1;17;0;0;0;0;0;0
75-067;1;18;0;0;0;0;0;0
75-067;1;19;0;0;0;0;0;1
75-067;1;20;0;0;0;0;0;0
75-067;1;21;0;0;0;0;0;0
75-068;1;1;0;0;0;1;0;0
75-068;1;2;0;0;0;1;0;0
75-068;1;3;0;1;0;1;0;0
75-068;1;4;0;0;0;0;0;0
75-068;1;5;0;0;0;1;0;0
75-068;1;6;0;0;0;0;0;0
75-068;1;7;0;0;0;1;0;0
75-068;1;8;0;0;0;0;0;0
75-068;1;9;0;0;0;0;0;0
75-068;1;10;0;0;0;0;0;0
75-068;1;11;0;0;0;1;0;0
75-068;1;12;1;1;0;0;0;0
75-068;1;13;1;1;1;0;0;0
75-068;1;14;0;0;0;1;0;0
75-068;1;15;0;0;0;0;0;0
75-068;1;16;0;0;0;0;0;0
75-068;1;17;0;0;0;0;0;0
75-068;1;18;0;0;0;0;0;0
75-069;1;1;0;0;0;0;0;1
75-069;1;2;0;0;0;1;1;0
75-069;1;3;0;0;0;1;0;0
75-069;1;4;0;0;0;1;0;0
75-069;1;5;0;0;0;0;0;1
75-069;1;6;0;0;0;1;1;0
75-069;1;7;0;0;0;1;0;0
75-069;1;8;1;0;0;1;0;0
75-069;1;9;1;0;0;1;0;0
75-069;1;10;1;0;0;1;0;0
75-069;1;11;1;0;0;1;0;0
75-069;1;12;1;0;0;1;0;0
75-069;1;13;1;0;0;1;0;0
75-069;1;14;1;0;0;1;0;0
75-069;1;15;1;0;0;1;0;0
75-069;1;16;1;0;0;1;0;0
75-069;1;17;1;0;0;1;0;0
75-069;1;18;1;0;0;1;0;0
75-069;1;19;1;0;0;1;0;0
75-069;1;20;1;0;0;1;0;0
75-069;1;21;1;0;0;1;0;0
75-070;1;1;0;0;0;0;0;1
75-070;1;2;0;0;0;1;0;0
75-070;1;3;0;0;0;1;0;0
75-070;1;4;0;0;0;0;0;0
75-070;1;5;0;0;0;1;0;0
75-070;1;6;0;0;0;0;0;0
75-070;1;7;0;0;0;1;0;0
75-070;1;8;0;0;0;1;0;0
75-070;1;9;0;0;0;1;0;0
75-070;1;10;0;0;0;0;0;0
75-070;1;11;0;0;0;0;0;0
75-070;1;12;0;0;0;0;0;0
75-070;1;13;0;0;0;0;0;0
75-070;1;14;0;0;0;0;0;0
75-070;1;15;0;0;0;0;0;0
75-070;1;16;0;0;0;0;0;0
75-070;1;17;0;0;0;0;0;0
75-070;1;18;0;0;0;0;0;0
75-070;1;19;0;0;0;0;0;0
75-070;1;20;0;0;0;0;0;0
75-070;2;1;0;0;0;1;0;0
75-070;2;2;0;0;0;1;0;0
75-070;2;3;0;0;0;0;0;0
75-070;2;4;0;0;0;1;0;0
75-070;2;5;0;0;0;1;0;0
75-070;2;6;0;0;0;0;0;0
75-070;2;7;0;0;0;1;0;0
75-070;2;8;0;0;0;0;0;0
75-070;2;9;0;0;0;0;0;0
75-070;2;10;0;0;0;0;0;0
75-070;2;11;0;0;0;0;0;0
75-070;2;12;0;0;0;0;0;0
75-070;2;13;0;0;0;0;0;0
75-070;2;14;0;0;0;0;0;0
75-070;2;15;0;0;0;0;0;0
75-070;2;16;0;0;0;0;0;0
75-070;2;17;0;0;0;0;0;0
75-070;2;18;0;0;0;0;0;0
75-070;2;19;0;0;0;0;0;0
75-070;3;1;0;0;0;1;0;0
75-070;3;2;0;0;0;1;0;0
75-070;3;3;0;0;0;1;0;0
75-070;3;4;0;0;0;1;0;0
75-070;3;5;0;0;0;1;0;0
75-070;3;6;0;0;0;0;0;0
75-070;3;7;0;0;0;1;0;0
75-071;1;1;0;0;0;0;1;0
75-071;1;2;0;0;0;0;0;0
75-071;1;3;0;0;0;0;0;0
75-071;1;4;0;0;0;0;0;0
75-071;1;5;0;0;0;0;0;0
75-071;1;6;0;0;0;0;0;0
75-071;1;7;0;1;0;0;0;0
75-071;1;8;0;0;0;0;0;0
75-071;1;9;0;0;0;0;0;0
75-071;1;10;0;0;0;0;0;0
75-071;1;11;1;0;0;0;0;0
75-071;1;12;0;0;0;0;0;0
75-071;1;13;0;0;0;0;0;0
75-071;1;14;0;0;0;0;0;0
75-071;1;15;0;0;0;0;0;0
75-071;1;16;0;0;0;0;0;0
75-071;1;17;0;0;0;0;0;0
75-071;1;18;0;0;0;0;0;0
75-072;1;1;0;1;0;0;0;0
75-072;1;2;0;0;0;0;0;0
75-072;1;3;0;0;0;0;0;0
75-072;1;4;0;0;0;0;0;0
75-072;1;5;0;0;0;0;0;0
75-072;1;6;0;1;0;1;0;0
75-072;1;7;0;0;0;0;0;0
75-072;1;8;0;0;0;1;0;0
75-072;1;9;0;0;0;1;0;0
75-072;1;10;0;0;0;1;0;0
75-072;1;11;0;0;0;0;0;0
75-072;1;12;0;0;0;0;0;0
75-072;1;13;0;0;0;0;0;0
75-072;1;14;0;0;0;0;0;0
75-072;1;15;0;0;0;0;0;0
75-072;1;16;0;0;0;0;0;0
75-072;1;17;0;0;0;0;0;0
75-072;1;18;0;0;0;0;0;0
75-072;2;1;0;0;0;1;0;0
75-072;2;2;0;0;0;1;0;0
75-072;2;3;0;0;0;1;0;0
75-072;2;4;0;0;0;1;0;0
75-072;2;5;0;0;0;1;0;0
75-072;2;6;0;0;0;0;0;0
75-072;2;7;0;0;0;0;0;0
75-072;2;8;0;0;0;0;0;0
75-072;2;9;0;0;0;0;0;0
75-072;2;10;0;0;0;1;0;0
75-072;2;11;0;0;0;0;0;0
75-072;2;12;0;0;0;1;0;0
75-072;2;13;0;0;0;1;0;0
75-072;2;14;0;0;0;0;0;0
75-072;2;15;0;0;0;0;0;0
75-073;1;1;0;1;0;0;0;0
75-073;1;2;0;0;0;1;0;0
75-073;1;3;0;0;0;0;0;0
75-073;1;4;0;0;0;0;0;0
75-073;1;5;1;0;0;1;0;0
75-073;1;6;0;0;0;0;0;0
75-073;1;7;0;0;0;1;0;0
75-073;1;8;0;0;0;0;0;0
75-073;1;9;1;0;0;0;0;0
75-073;1;10;0;0;0;0;0;0
75-073;1;11;1;0;0;0;0;0
75-073;1;12;0;0;0;0;0;0
75-073;1;13;1;0;0;0;0;0
75-073;1;14;0;0;0;0;0;0
75-073;1;15;0;0;0;0;0;0
75-073;1;16;0;0;0;0;0;0
75-073;1;17;0;0;0;0;0;0
75-073;1;18;0;0;0;0;0;0
75-073;2;1;0;0;0;0;0;1
75-073;2;2;0;0;0;0;0;0
75-073;2;3;0;0;0;1;0;0
75-073;2;4;0;0;0;1;0;0
75-073;2;5;1;0;0;1;0;0
75-073;2;6;1;0;0;1;0;0
75-073;2;7;1;0;0;0;0;0
75-073;2;8;1;0;0;0;0;0
75-073;2;9;0;0;0;0;0;0
75-073;2;10;1;0;0;0;0;0
75-073;2;11;0;0;0;0;0;0
75-073;2;12;0;0;0;0;0;0
75-073;2;13;0;0;0;0;0;0
75-073;2;14;0;0;0;0;0;0
75-073;2;15;0;0;0;0;0;0
75-073;2;16;0;0;0;0;0;0
75-073;2;17;0;0;0;0;0;0
75-073;2;18;0;0;0;0;0;0
75-073;2;19;0;0;0;0;0;0
75-074;1;1;0;0;0;1;0;0
75-074;1;2;0;0;0;1;0;0
75-074;1;3;0;0;0;0;0;0
75-074;1;4;0;0;0;0;0;0
75-074;1;5;1;1;0;1;0;0
75-074;1;6;1;1;0;1;0;0
75-074;1;7;0;0;0;0;0;0
75-074;1;8;0;0;0;0;0;0
75-074;1;9;0;0;0;0;0;0
75-074;1;10;0;0;0;0;0;0
75-074;1;11;1;1;0;1;0;0
75-074;1;12;1;1;0;1;0;0
75-074;1;13;1;1;0;1;0;0
75-074;1;14;0;0;0;0;0;0
75-074;2;1;0;0;0;0;0;1
75-074;2;2;0;0;0;0;0;0
75-074;2;3;0;0;0;0;0;1
75-074;2;4;0;0;0;0;0;0
75-074;2;5;0;0;0;1;0;0
75-074;2;6;0;0;0;1;0;0
75-074;2;7;0;0;0;0;0;0
75-074;2;8;0;0;0;0;0;0
75-074;2;9;0;0;0;0;0;0
75-074;2;10;0;0;0;0;0;0
75-074;2;11;0;0;0;0;0;0
75-074;2;12;0;0;0;0;0;0
75-074;2;13;0;0;0;1;0;0
75-074;2;14;0;0;0;0;0;0
75-074;2;15;0;0;0;0;0;0
75-074;2;16;0;0;0;0;0;0
75-074;2;17;0;0;0;0;0;0
75-075;1;1;0;0;0;1;0;0
75-075;1;2;0;0;0;0;0;0
75-075;1;3;0;0;0;0;0;0
75-075;1;4;0;0;0;0;0;0
75-075;1;5;0;0;0;0;0;0
75-075;1;6;0;0;0;1;0;0
75-075;1;7;0;0;0;1;0;0
75-075;1;8;0;0;0;1;0;0
75-075;1;9;0;0;0;0;0;0
75-075;1;10;0;0;0;1;0;0
75-076;1;1;0;0;0;0;0;0
75-076;1;2;0;0;0;0;0;0
75-076;1;3;0;0;0;0;0;0
75-076;1;4;0;0;0;0;0;0
75-076;1;5;0;0;0;0;0;0
75-076;1;6;0;0;0;0;0;0
75-076;1;7;0;0;0;0;0;0
75-076;1;8;0;0;0;1;0;0
75-076;1;9;0;0;0;0;0;0
75-076;1;10;0;0;0;0;0;0
75-076;1;11;0;0;0;0;0;0
75-076;1;12;0;0;0;0;0;0
75-076;1;13;0;0;0;0;0;0
75-076;1;14;0;0;0;0;0;0
75-076;1;15;0;0;0;0;0;0
75-076;1;16;0;0;0;0;0;0
75-076;1;17;0;0;0;0;0;0
75-077;1;1;0;0;0;1;0;0
75-077;1;2;0;0;0;0;0;0
75-077;1;3;0;0;0;0;0;0
75-077;1;4;0;0;0;0;0;0
75-077;1;5;0;0;0;0;0;0
75-077;1;6;0;0;0;0;0;0
75-077;1;7;0;0;0;0;0;0
75-077;1;8;0;1;0;0;0;0
75-077;1;9;0;0;0;0;0;0
75-077;1;10;0;0;0;0;0;0
75-077;1;11;0;0;0;0;0;0
75-077;1;12;0;0;0;0;0;0
75-077;1;13;0;0;0;0;0;0
75-077;1;14;0;0;0;0;0;0
75-077;1;15;0;0;0;0;0;0
75-077;1;16;0;0;0;0;0;0
75-077;1;17;0;0;0;0;0;0
75-077;1;18;0;0;0;0;0;0
75-078;1;1;0;0;0;1;0;0
75-078;1;2;0;0;0;0;0;0
75-078;1;3;0;0;0;0;0;0
75-078;1;4;0;0;0;0;0;0
75-078;1;5;0;0;0;0;0;0
75-078;1;6;0;1;0;1;0;0
75-078;1;7;0;0;0;0;0;0
75-078;1;8;0;0;0;0;0;0
75-078;1;9;0;0;0;0;0;0
75-078;1;10;0;0;0;0;0;0
75-078;1;11;0;0;0;0;0;0
75-078;1;12;0;0;0;0;0;0
75-078;1;13;0;0;0;0;0;0
75-078;1;14;0;0;0;0;0;0
75-078;1;15;0;0;0;0;0;0
75-078;1;16;0;0;0;0;0;0
75-078;1;17;0;0;0;0;0;0
75-079;1;1;0;0;0;1;0;0
75-079;1;2;0;0;0;1;0;0
75-079;1;3;0;0;0;1;0;0
75-079;1;4;0;0;0;1;0;0
75-079;1;5;0;0;0;1;0;0
75-079;1;6;0;0;0;1;0;0
75-079;1;7;0;0;0;0;0;0
75-079;1;8;0;0;0;0;0;0
75-079;1;9;0;0;0;0;0;0
75-079;1;10;0;0;0;1;0;0
75-079;1;11;0;0;0;0;0;0
75-079;1;12;0;0;0;0;0;0
75-079;1;13;0;0;0;0;0;0
75-079;1;14;0;0;0;0;0;0
75-079;1;15;0;0;0;0;0;0
75-079;1;16;0;0;0;0;0;0
75-079;1;17;0;0;0;0;0;0
75-079;2;1;0;0;0;1;0;0
75-079;2;2;0;0;0;1;0;0
75-079;2;3;0;0;0;1;0;0
75-079;2;4;0;1;0;1;0;0
75-079;2;5;1;0;0;1;0;0
75-079;2;6;0;1;0;1;0;0
75-079;2;7;0;0;0;0;0;0
75-079;2;8;0;1;0;1;0;0
75-079;2;9;0;0;0;0;0;0
75-079;2;10;0;0;0;0;0;0
75-079;2;11;0;0;0;0;0;0
75-079;2;12;0;0;0;0;0;0
75-079;2;13;0;0;0;0;0;0
75-079;2;14;0;0;0;0;0;0
75-079;2;15;0;0;0;1;0;0
75-079;2;16;0;0;0;1;0;0
75-079;2;17;0;0;0;1;0;0
75-080;1;1;0;0;0;0;0;1
75-080;1;2;0;0;0;1;0;0
75-080;1;3;0;1;1;0;0;0
75-080;1;4;1;0;0;0;0;0
75-080;1;5;1;1;0;1;0;0
75-080;1;6;0;0;0;0;0;0
75-080;1;7;0;0;0;1;0;0
75-080;1;8;0;1;0;1;0;0
75-080;1;9;1;1;0;1;0;0
75-080;1;10;1;1;0;1;0;0
75-080;1;11;1;1;0;1;0;0
75-080;1;12;1;1;0;1;0;0
75-080;1;13;1;0;0;1;0;0
75-080;1;14;0;0;0;0;0;0
75-080;1;15;0;0;0;0;0;0
75-080;1;16;1;0;0;1;0;0
75-080;1;17;0;0;0;0;0;0
75-080;1;18;0;0;0;1;0;0
75-080;1;19;0;0;0;0;0;0
75-080;1;20;0;0;0;0;0;0
75-080;1;21;0;0;0;0;0;0
75-080;1;22;0;0;0;0;0;0
75-080;1;23;0;0;0;0;0;0
75-080;1;24;0;0;0;0;0;0
75-080;2;1;0;0;0;0;0;0
75-080;2;2;0;0;0;0;0;0
75-080;2;3;1;0;0;0;0;0
75-080;2;4;1;1;0;0;0;0
75-080;2;5;0;0;0;0;0;0
75-080;2;6;0;0;0;0;0;0
75-080;2;7;1;1;0;1;0;0
75-080;2;8;1;1;0;1;0;0
75-080;2;9;1;0;0;1;0;0
75-080;2;10;0;0;0;0;0;0
75-080;2;11;0;0;0;0;0;0
75-080;2;12;0;0;0;0;0;0
75-080;2;13;1;0;0;0;0;0
75-080;2;14;1;0;0;0;0;0
75-080;2;15;0;0;0;0;0;0
75-080;2;16;0;0;0;0;0;0
75-080;2;17;0;0;0;0;0;0
75-080;2;18;0;0;0;0;0;0
75-080;2;19;0;0;0;0;0;0
75-080;2;20;0;0;0;0;0;0
75-080;2;21;0;0;0;0;0;0
75-080;3;1;0;0;0;0;0;1
75-080;3;2;0;0;0;0;0;0
75-080;3;3;0;0;0;1;0;0
75-080;3;4;0;0;0;1;0;0
75-080;3;5;0;0;0;0;0;0
75-080;3;6;0;0;0;0;0;0
75-080;3;7;0;0;0;0;0;0
75-080;3;8;0;0;0;0;0;0
75-080;3;9;0;0;0;0;0;0
75-081;1;1;0;0;0;1;0;0
75-081;1;2;0;0;0;0;0;0
75-081;1;3;0;0;0;0;0;0
75-081;1;4;0;0;0;1;0;0
75-081;1;5;0;0;0;0;0;0
75-081;1;6;0;0;0;0;0;0
75-081;1;7;0;0;0;1;0;0
75-081;1;8;0;0;0;0;0;0
75-081;1;9;0;0;0;0;0;0
75-081;1;10;0;0;0;0;0;1
75-081;1;11;0;0;0;0;0;0
75-081;1;12;0;0;0;0;0;0
75-081;1;13;0;0;0;0;0;0
75-081;1;14;0;0;0;0;0;0
75-081;1;15;0;0;0;0;0;0
75-081;1;16;0;0;0;0;0;0
75-081;1;17;0;0;0;0;0;0
75-081;2;1;0;0;0;1;0;0
75-081;2;2;0;0;0;1;0;0
75-081;2;3;0;0;0;1;0;0
75-081;2;4;0;0;0;0;0;0
75-081;2;5;0;0;0;0;0;0
75-081;2;6;0;0;0;0;0;0
75-081;2;7;0;0;0;0;0;0
75-081;2;8;0;0;0;1;0;0
75-081;2;9;0;0;0;1;0;0
75-081;2;10;0;0;0;0;0;1
75-081;2;11;0;0;0;0;0;0
75-081;2;12;0;0;0;0;0;0
75-081;2;13;0;0;0;0;0;0
75-081;2;14;0;0;0;0;0;0
75-081;2;15;0;0;0;0;0;0
75-081;2;16;0;0;0;0;0;0
75-081;2;17;0;0;0;0;0;0
75-081;2;18;0;0;0;0;0;0
75-082;1;1;0;0;0;1;0;0
75-082;1;2;0;0;0;1;0;0
75-082;1;3;0;0;0;0;0;0
75-082;1;4;0;0;0;0;0;0
75-082;1;5;0;0;0;1;0;0
75-082;1;6;0;0;0;1;0;0
75-082;1;7;0;0;0;0;0;0
75-082;1;8;0;0;0;0;0;0
75-082;1;9;0;0;0;0;0;0
75-082;1;10;0;0;0;0;0;0
75-082;1;11;0;0;0;0;0;0
75-082;1;12;1;0;0;0;0;0
75-082;1;13;0;0;0;0;0;0
75-082;1;14;0;0;0;1;0;0
75-082;1;15;0;0;0;0;0;0
75-082;1;16;0;0;0;0;0;0
75-082;1;17;0;0;0;0;0;0
75-082;1;18;0;0;0;0;0;0
75-082;1;19;0;0;0;0;0;0
75-083;1;1;0;0;0;0;0;1
75-083;1;2;0;0;0;0;0;1
75-083;1;3;0;0;0;0;0;0
75-083;1;4;0;0;0;1;0;0
75-083;1;5;0;0;0;1;0;0
75-083;1;6;0;0;0;1;0;0
75-083;1;7;0;0;0;0;0;0
75-083;1;8;0;0;0;0;0;0
75-083;1;9;0;0;0;0;0;0
75-083;1;10;0;0;0;0;0;0
75-083;1;11;0;0;0;0;0;0
75-083;1;12;0;0;0;0;0;0
75-083;1;13;0;0;0;0;0;0
75-083;1;14;0;0;0;0;0;0
75-083;1;15;0;0;0;0;0;0
75-083;1;16;0;0;0;0;0;0
75-083;1;17;0;0;0;0;0;0
75-083;1;18;0;0;0;0;0;0
75-083;1;19;0;0;0;0;0;0
75-083;1;20;0;0;0;0;0;0
75-083;1;21;0;0;0;0;0;0
75-083;1;22;0;0;0;0;0;0
75-083;1;23;0;0;0;0;0;0
75-083;1;24;0;0;0;0;0;0
75-085;1;1;0;1;0;0;0;0
75-085;1;2;0;0;0;1;0;0
75-085;1;3;0;0;0;1;0;0
75-085;1;4;0;0;0;1;0;0
75-085;1;5;0;0;0;1;0;0
75-085;1;6;0;0;0;0;0;0
75-085;1;7;0;0;0;0;0;0
75-085;1;8;0;0;0;0;0;0
75-085;1;9;0;0;0;1;0;0
75-086;1;1;0;0;0;1;0;0
75-086;1;2;1;0;0;1;0;1
75-086;1;3;0;0;0;0;0;1
75-086;1;4;0;0;0;1;1;0
75-086;1;5;0;0;0;1;1;0
75-086;1;6;1;1;0;1;0;0
75-086;1;7;0;0;0;1;0;1
75-086;1;8;0;0;0;0;0;0
75-086;1;9;0;0;0;0;0;1
75-086;1;10;0;0;0;0;0;0
75-086;1;11;1;0;0;0;0;0
75-086;1;12;0;0;0;0;0;0
75-086;1;13;0;0;0;0;0;1
75-086;1;14;0;0;0;0;0;1
75-086;1;15;0;0;0;0;0;0
75-086;1;16;0;0;0;0;0;0
75-086;1;17;0;0;0;0;0;1
75-086;1;18;0;0;0;0;0;0
75-086;1;19;0;0;0;0;0;0
75-086;1;20;0;0;0;0;0;0
75-086;1;21;0;0;0;0;0;0
75-086;2;1;0;0;0;1;0;0
75-086;2;2;0;0;0;1;0;0
75-086;2;3;1;0;0;1;0;0
75-086;2;4;0;1;0;1;0;0
75-086;2;5;0;1;0;1;0;0
75-086;2;6;0;0;0;0;0;0
75-086;2;7;0;0;0;0;0;0
75-086;2;8;0;0;0;0;0;0
75-086;2;9;0;0;0;1;0;0
75-086;2;10;0;0;0;1;0;0
75-086;2;11;0;0;0;0;0;0
75-086;2;12;0;0;0;0;0;0
75-086;2;13;0;0;0;0;0;0
75-086;2;14;0;0;0;1;0;0
75-086;2;15;0;0;0;1;0;0
75-086;2;16;0;0;0;1;0;0
75-086;2;17;0;0;0;1;0;0
75-086;2;18;0;0;0;0;0;0
75-087;1;1;0;0;0;0;0;1
75-087;1;2;0;0;0;0;0;1
75-087;1;3;0;0;0;0;0;1
75-087;1;4;0;0;0;0;0;0
75-087;1;5;0;0;0;0;0;1
75-087;1;6;0;0;0;0;0;1
75-087;1;7;0;0;0;0;0;0
75-087;1;8;0;0;0;0;0;1
75-087;1;9;0;0;0;0;0;0
75-087;1;10;0;0;0;0;0;0
75-087;1;11;0;0;0;0;0;0
75-087;1;12;0;0;0;0;0;0
75-087;1;13;0;0;0;0;0;0
75-087;1;14;0;0;0;0;0;0
75-087;1;15;0;0;0;0;0;0
75-087;1;16;0;0;0;0;0;0
75-087;1;17;0;0;0;0;0;0
75-087;1;18;0;0;0;0;0;0
75-087;1;19;0;0;0;0;0;0
75-087;2;1;0;0;0;0;0;1
75-087;2;2;0;0;0;0;0;1
75-087;2;3;0;0;0;1;0;0
75-087;2;4;0;0;0;1;0;0
75-087;2;5;0;0;0;1;0;0
75-087;2;6;0;0;0;1;0;0
75-087;2;7;0;0;0;0;0;0
75-087;2;8;0;0;0;1;0;0
75-087;2;9;0;0;0;1;0;0
75-087;2;10;0;0;0;1;0;0
75-087;2;11;0;0;0;1;0;0
75-087;2;12;0;0;0;1;0;0
75-087;2;13;0;0;0;1;0;0
75-087;2;14;0;0;0;1;0;0
75-087;2;15;0;0;0;1;0;0
75-087;2;16;0;0;0;1;0;0
75-087;2;17;0;0;0;1;0;0
75-087;2;18;0;0;0;0;0;0
75-087;2;19;0;0;0;0;0;0
75-087;2;20;0;0;0;0;0;0
75-088;1;1;0;0;0;0;0;1
75-088;1;2;0;0;0;1;0;0
75-088;1;3;1;0;0;0;0;0
75-088;1;4;1;0;0;0;0;0
75-088;1;5;0;0;0;0;0;1
75-088;1;6;0;0;0;1;0;0
75-088;1;7;0;0;0;0;0;0
75-088;1;8;0;0;0;0;0;0
75-088;1;9;1;0;0;0;0;0
75-088;1;10;0;0;0;0;0;0
75-088;1;11;0;0;0;0;0;0
75-088;1;12;0;0;0;0;0;0
75-088;1;13;0;0;0;0;0;0
75-088;1;14;0;0;0;0;0;0
75-088;1;15;0;0;0;0;0;0
75-088;1;16;0;0;0;0;0;0
75-088;1;17;0;0;0;0;0;0
75-088;1;18;0;0;0;0;0;0
75-088;2;1;0;0;0;0;0;1
75-088;2;2;0;0;0;0;0;1
75-088;2;3;0;0;0;0;0;1
75-088;2;5;0;0;0;0;0;0
75-088;2;6;0;0;0;1;0;0
75-088;2;7;0;0;0;1;0;0
75-088;2;8;0;0;0;1;0;0
75-088;2;9;0;0;0;1;0;0
75-089;1;1;0;0;0;0;0;1
75-089;1;2;0;1;0;0;0;0
75-089;1;3;0;1;0;1;0;0
75-089;1;4;0;0;0;0;0;0
75-089;1;5;0;0;0;0;0;1
75-089;1;6;0;0;0;0;0;0
75-089;1;7;0;1;0;1;0;0
75-090;1;1;0;0;0;0;0;0
75-090;1;2;0;0;0;0;0;0
75-090;1;3;0;0;0;0;0;0
75-090;1;4;0;0;0;0;0;0
75-090;1;5;0;0;0;0;0;0
75-090;1;6;1;0;0;0;0;0
75-090;1;7;0;0;0;0;0;0
75-090;1;8;0;0;0;0;0;0
75-090;1;9;0;0;0;0;0;0
75-090;1;10;0;0;0;0;0;0
75-090;1;11;0;0;0;0;0;0
75-090;1;12;0;0;0;0;0;0
75-090;1;13;0;0;0;0;0;0
75-090;1;14;0;0;0;0;0;0
75-090;1;15;0;0;0;0;0;0
75-090;1;16;0;0;0;0;0;0
75-090;1;17;0;0;0;0;0;0
75-090;1;18;0;0;0;0;0;0
75-090;1;19;0;0;0;0;0;0
75-090;1;20;0;0;0;0;0;0
75-090;1;21;0;0;0;0;0;0
75-091;1;1;0;1;0;1;1;0
75-091;1;2;0;0;0;0;0;0
75-091;1;3;0;0;0;0;0;0
75-091;1;4;0;0;0;0;0;0
75-091;1;5;0;0;0;0;0;0
75-091;1;6;0;0;0;0;0;0
75-091;1;7;0;0;0;0;0;0
75-091;1;8;0;0;0;0;0;0
75-091;1;9;0;0;0;0;0;0
75-091;1;10;0;0;0;0;0;0
75-091;1;11;0;0;0;0;0;0
75-091;1;12;0;0;0;0;0;0
75-091;1;13;0;0;0;0;0;0
75-091;1;14;0;0;0;0;0;0
75-091;1;15;0;0;0;0;0;0
75-091;1;16;0;0;0;0;0;0
75-091;2;1;0;0;0;0;0;0
75-091;2;2;0;0;0;0;0;0
75-091;2;3;0;0;0;0;0;0
75-091;2;4;0;0;0;0;0;0
75-091;2;5;0;0;0;1;0;0
75-091;2;6;0;0;0;0;0;0
75-091;2;7;0;0;0;0;0;0
75-091;2;8;0;0;0;0;0;0
75-091;2;9;0;0;0;1;0;0
75-091;2;10;0;0;0;0;0;0
75-091;2;11;0;0;0;0;0;0
75-091;2;12;0;0;0;0;0;0
75-091;2;13;0;0;0;0;0;0
75-091;2;14;0;0;0;0;0;0
75-091;2;15;0;0;0;0;0;0
75-091;2;16;0;0;0;0;0;0
75-091;2;17;0;0;0;0;0;0
75-091;2;18;0;0;0;0;0;0
75-091;2;19;0;0;0;0;0;0
75-091;2;20;0;0;0;0;0;0
75-091;2;21;0;0;0;0;0;0
75-092;1;1;0;0;0;0;0;0
75-092;1;2;0;0;0;0;0;0
75-092;1;3;0;0;0;0;0;0
75-092;1;4;0;0;0;0;0;0
75-092;1;5;0;0;0;0;0;0
75-092;1;6;0;0;0;0;0;0
75-092;1;7;0;0;0;0;0;0
75-093;1;1;0;0;0;0;0;0
75-093;1;2;0;0;0;0;0;0
75-093;1;3;0;0;0;0;0;0
75-093;1;4;0;0;0;0;0;0
75-093;1;5;0;0;0;0;0;0
75-093;1;6;0;0;0;0;0;0
75-093;1;7;0;0;0;0;0;0
75-093;1;8;0;0;0;0;0;0
75-093;1;9;0;0;0;0;0;0
75-093;1;10;0;0;0;0;0;0
75-093;1;11;0;0;0;0;0;0
75-093;1;12;0;0;0;0;0;0
75-093;1;13;0;0;0;0;0;0
75-093;1;14;0;0;0;0;0;0
75-093;1;15;0;0;0;0;0;0
75-093;1;16;0;0;0;0;0;0
75-094;1;1;0;0;0;0;0;1
75-094;1;2;0;0;0;0;0;0
75-094;1;3;0;0;0;0;0;0
75-094;1;4;0;0;0;0;0;0
75-094;1;5;0;0;0;0;0;0
75-094;1;6;0;0;0;0;0;0
75-094;1;7;0;0;0;0;0;0
75-094;1;8;0;0;0;0;0;0
75-094;1;9;0;0;0;0;0;1
75-094;1;10;0;0;0;0;0;0
75-094;1;11;0;0;0;0;0;0
75-094;1;12;0;0;0;0;0;0
75-094;1;13;0;0;0;0;0;0
75-094;1;14;0;0;0;0;0;0
75-094;1;15;0;0;0;0;0;0
75-094;1;16;0;0;0;0;0;0
75-094;1;17;0;0;0;0;0;0
75-094;1;18;0;0;0;0;0;0
75-095;1;1;0;0;0;0;0;1
75-095;1;2;0;0;0;0;0;1
75-095;1;3;0;0;0;0;0;1
75-095;1;4;0;0;0;1;0;0
75-095;1;5;0;0;0;1;0;0
75-095;1;6;0;0;0;1;0;0
75-095;1;7;0;0;0;1;0;0
75-095;1;8;0;0;0;1;0;0
75-095;1;9;0;0;0;0;0;0
75-095;1;10;0;0;0;0;0;0
75-095;1;11;0;0;0;1;0;0
75-095;1;12;0;0;0;0;0;0
75-095;1;13;0;0;0;0;0;0
75-095;1;14;0;0;0;0;0;0
75-095;1;15;0;0;0;0;0;0
75-095;1;16;0;0;0;0;0;0
75-095;2;1;0;0;0;0;0;1
75-095;2;2;0;0;0;0;0;1
75-095;2;3;0;0;0;0;0;1
75-095;2;4;0;0;0;1;0;0
75-095;2;5;0;0;0;1;0;0
75-095;2;6;0;0;0;0;0;0
75-095;2;7;0;0;0;0;0;0
75-095;2;8;0;0;0;0;0;0
75-095;2;9;0;0;0;0;0;0
75-095;2;10;0;0;0;0;0;0
75-095;2;11;0;0;0;0;0;0
75-095;2;12;0;0;0;0;0;0
75-095;2;13;0;0;0;0;0;0
75-095;2;14;0;0;0;0;0;0
75-095;2;15;0;0;0;0;0;1
75-096;1;1;0;0;0;0;0;1
75-096;1;2;0;0;0;0;0;1
75-096;1;3;0;0;0;1;0;0
75-096;1;4;0;0;0;0;0;0
75-096;1;5;0;1;0;1;0;0
75-096;1;6;0;0;0;0;0;1
75-096;1;7;1;1;0;1;0;0
75-096;1;8;1;0;0;1;0;0
75-096;1;9;0;0;0;1;0;0
75-096;1;10;0;0;0;0;0;0
75-096;1;11;0;0;0;0;0;0
75-096;1;12;0;0;0;0;0;0
75-096;1;13;0;0;0;0;0;0
75-096;1;14;0;0;0;0;0;0
75-096;1;15;0;0;0;0;0;0
75-096;1;16;0;0;0;0;0;0
75-096;1;17;0;0;0;0;0;0
75-096;1;18;0;0;0;0;0;0
75-096;1;19;0;0;0;0;0;0
75-096;1;20;0;0;0;0;0;0
75-096;1;21;0;0;0;0;0;0
75-096;1;22;0;0;0;0;0;0
75-097;1;1;0;0;0;1;0;1
75-097;1;2;0;1;0;1;0;0
75-097;1;3;1;0;0;0;0;0
75-097;1;4;0;0;0;0;0;0
75-097;1;5;0;0;0;1;0;0
75-097;1;6;0;0;0;0;0;0
75-097;1;7;0;1;0;1;0;0
75-097;1;8;0;0;0;0;0;0
75-097;1;9;0;0;0;0;0;0
75-097;1;10;0;0;0;1;0;0
75-097;1;11;0;0;0;1;0;0
75-097;1;12;0;0;0;0;0;0
75-097;1;13;0;0;0;0;0;0
75-097;1;14;0;0;0;0;0;0
75-097;1;15;0;1;0;1;0;0
75-097;1;16;0;1;0;1;0;0
75-097;1;17;0;0;0;0;0;0
75-097;1;18;0;0;0;0;0;0
75-097;1;19;0;1;0;1;0;0
75-097;1;20;0;0;0;0;0;0
75-098;1;1;0;0;0;0;0;1
75-098;1;2;0;0;0;0;0;1
75-098;1;3;0;0;0;0;0;0
75-098;1;4;0;0;0;0;0;1
75-098;1;5;0;0;0;0;0;1
75-098;1;6;0;0;0;0;0;1
75-098;1;7;0;0;0;0;0;1
75-098;1;8;1;1;1;1;1;0
75-098;1;9;0;0;0;0;0;0
75-098;1;10;1;0;0;1;1;0
75-098;1;11;0;0;0;0;0;0
75-098;1;12;0;0;0;1;0;0
75-098;1;13;0;0;0;1;0;0
75-098;1;14;0;0;0;0;0;0
75-098;1;15;0;0;0;0;0;0
75-098;1;16;0;0;0;0;0;0
75-098;1;17;0;0;0;0;0;0
75-098;1;18;0;0;0;0;0;0
75-098;1;19;0;0;0;0;0;0
75-099;1;1;0;0;0;1;0;0
75-099;1;2;0;0;0;1;0;0
75-099;1;3;0;0;0;1;0;0
75-099;1;4;0;0;0;0;0;0
75-099;1;5;0;0;0;1;0;0
75-099;1;6;0;0;0;0;0;0
75-099;1;7;1;0;0;1;0;0
75-099;1;8;0;0;0;0;0;0
75-099;1;9;0;0;0;0;0;0
75-099;1;10;0;0;0;0;0;0
75-099;1;11;0;0;0;0;0;0
75-099;1;12;0;0;0;0;0;0
75-099;1;13;0;0;0;0;0;0
75-099;1;14;0;0;0;0;0;0
75-099;1;15;0;0;0;0;0;0
75-099;1;16;0;0;0;0;0;0
75-100;1;1;0;1;0;0;0;0
75-100;1;2;0;0;0;1;0;0
75-100;1;3;0;0;0;1;0;0
75-100;1;4;0;0;0;0;0;0
75-100;1;5;0;0;0;1;0;0
75-100;1;6;0;0;0;0;0;0
75-100;1;7;0;0;0;0;0;0
75-100;1;8;0;0;0;0;0;0
75-100;1;9;0;0;0;0;0;0
75-100;1;10;0;0;0;0;0;0
75-100;1;11;0;0;0;0;0;0
75-100;1;12;0;0;0;0;0;0
75-100;1;13;0;0;0;0;0;0
75-100;1;14;0;0;0;0;0;0
75-100;1;15;0;0;0;0;0;0
75-100;1;16;0;0;0;0;0;0
75-100;1;17;0;0;0;0;0;0
75-100;1;18;0;0;0;0;0;0
75-101;1;1;0;0;0;0;0;0
75-101;1;2;0;0;0;0;0;0
75-101;1;3;0;0;0;0;0;0
75-101;1;4;0;0;0;0;0;1
75-101;1;5;0;0;0;1;0;0
75-101;1;6;0;0;0;0;0;0
75-101;1;7;0;0;0;0;0;0
75-101;1;8;0;0;0;0;0;0
75-101;1;9;0;0;0;1;0;0
75-101;1;10;0;0;0;1;0;0
75-102;1;1;0;1;0;0;0;0
75-102;1;2;0;0;0;0;0;0
75-102;1;3;0;0;0;1;0;0
75-102;1;4;0;0;0;0;0;0
75-102;1;5;0;0;0;0;0;0
75-102;1;6;0;0;0;0;0;0
75-102;1;7;0;0;0;0;0;0
75-102;1;8;0;0;0;0;0;0
75-102;1;9;0;0;0;1;0;0
75-102;1;10;0;0;0;0;0;0
75-102;1;11;0;0;0;0;0;0
75-102;1;12;0;0;0;1;0;0
75-102;1;13;0;0;0;0;0;0
75-102;1;14;0;0;0;0;0;0
75-102;1;15;0;0;0;0;0;0
75-102;1;16;0;0;0;0;0;0
75-102;1;17;0;0;0;0;0;0
75-102;1;18;0;0;0;0;0;0
75-102;1;19;0;0;0;0;0;0
75-103;1;1;0;0;0;0;0;1
75-103;1;2;0;0;0;0;0;1
75-103;1;3;0;0;0;0;0;0
75-103;1;4;0;0;0;1;0;0
75-103;1;5;0;0;0;0;0;0
75-103;1;6;0;0;0;0;0;0
75-103;1;7;0;0;0;1;0;0
75-103;1;8;0;0;0;0;0;0
75-103;1;9;0;0;0;0;0;0
75-103;1;10;0;0;0;0;0;0
75-103;1;11;1;0;0;1;0;0
75-103;1;12;0;0;0;0;0;0
75-103;1;13;0;0;0;0;0;0
75-103;1;14;0;0;0;0;0;0
75-103;1;15;0;1;0;0;0;0
75-103;1;16;0;0;0;0;0;0
75-103;1;17;0;0;0;0;0;0
75-103;1;18;0;0;0;0;0;0
75-103;1;19;0;1;0;1;0;0
75-103;1;20;0;0;0;0;0;0
75-104;1;1;0;0;0;1;0;0
75-104;1;2;0;0;0;0;0;0
75-104;1;3;0;0;0;0;0;0
75-104;1;4;0;0;0;1;0;0
75-104;1;5;0;0;0;1;0;0
75-104;1;6;0;0;0;0;0;0
75-104;1;7;0;0;0;0;0;0
75-104;1;8;0;0;0;0;0;0
75-104;1;9;0;0;0;1;0;0
75-104;1;10;0;0;0;0;0;0
75-104;1;11;0;0;0;0;0;0
75-104;1;12;0;0;0;0;0;0
75-104;1;13;0;0;0;0;0;0
75-104;1;14;0;0;0;0;0;0
75-104;1;15;0;0;0;0;0;0
75-104;1;16;0;0;0;0;0;0
75-104;1;17;0;0;0;0;0;0
75-104;1;18;0;0;0;0;0;0
75-104;1;19;0;0;0;0;0;0
75-105;1;1;0;0;0;0;0;0
75-105;1;2;0;0;0;0;0;0
75-105;1;3;0;0;0;0;0;0
75-105;1;4;0;0;0;0;0;0
75-105;1;5;0;0;0;1;0;0
75-105;1;6;0;0;0;1;0;0
75-105;1;7;0;0;0;1;0;0
75-105;1;8;0;0;0;1;0;0
75-105;1;9;0;0;0;1;0;0
75-105;1;10;0;0;0;0;0;0
75-105;1;11;0;0;0;0;0;0
75-105;1;12;0;0;0;0;0;0
75-105;1;13;0;0;0;0;0;0
75-105;1;14;0;0;0;0;0;0
75-105;1;15;0;0;0;0;0;0
75-105;1;16;0;0;0;0;0;0
75-105;1;17;0;0;0;0;0;0
75-105;1;18;0;0;0;0;0;0
75-105;1;19;0;0;0;0;0;0
75-105;1;20;0;0;0;0;0;0
75-105;1;21;0;0;0;0;0;0
75-105;1;22;0;0;0;0;0;0
75-105;1;23;0;0;0;0;0;0
75-105;1;24;0;0;0;0;0;0
75-106;1;1;0;0;0;1;0;0
75-106;1;2;0;0;0;1;0;0
75-106;1;3;0;0;0;0;0;0
75-106;1;4;0;0;0;1;0;0
75-106;1;5;0;0;0;0;0;0
75-106;1;6;0;0;0;0;0;0
75-106;1;7;0;0;0;0;0;0
75-106;1;8;0;0;0;0;0;1